CustomerID,Gender,SeniorCitizen,Partner,Dependents,Tenure,PhoneService,MultipleLines,InternetService,OnlineSecurity,OnlineBackup,DeviceProtection,TechSupport,StreamingTV,StreamingMovies,Contract,PaperlessBilling,PaymentMethod,MonthlyCharges,TotalCharges,SupportTickets,Complaints,LatePayments,SatisfactionScore,UsageHours,LoginFrequency,AvgSessionTime,LastInteractionDays,CustomerLifetimeValue,Churn,AvgMonthlySpend,ComplaintRatio,LoyaltyScore,EngagementScore,PaymentRisk,HighValueCustomer,UsageCategory,TenureGroup,ServiceEngagement,CustomerHealthScore,CustomerSegment,SegmentName
CUST0001,1,0,0,1,29,0,1,2,1,1,0,1,1,1,0,1,0,91.6,2726.53,6,1,7,10,152,104,6,97,12184.38,1,90.88433333333334,0.1428571428571428,290,262,641.1999999999999,1,2,2,5,33.400000000000006,0,Premium Customers
CUST0002,0,0,0,1,28,0,0,0,1,0,1,0,0,0,2,0,1,117.31,3322.53,8,2,5,10,108,91,22,5,10088.32,0,114.57,0.2222222222222222,280,221,586.55,1,2,2,2,25.6,2,At Risk Customers
CUST0003,0,0,1,1,49,0,0,1,0,1,0,0,1,0,1,1,0,73.41,3621.57,7,3,4,9,122,88,88,107,11640.55,1,72.4314,0.375,441,298,293.64,1,2,0,2,25.40000000000001,0,Premium Customers
CUST0004,1,0,1,0,52,0,0,0,1,0,1,0,0,0,0,1,0,94.5,4967.9,9,3,6,6,122,18,135,63,1818.19,1,93.73396226415092,0.3,312,275,567.0,0,2,0,2,15.400000000000006,2,At Risk Customers
CUST0005,1,1,1,1,21,0,0,2,1,0,0,0,0,1,1,1,2,96.86,2068.08,4,3,2,8,11,93,72,64,11548.45,0,94.00363636363636,0.6,168,176,193.72,1,1,2,2,5.199999999999999,2,At Risk Customers
CUST0006,1,1,0,1,20,0,0,0,1,0,0,1,1,0,2,0,0,25.79,603.6,1,0,7,2,282,99,37,16,10066.39,0,28.742857142857144,0.0,40,418,180.53,1,0,2,3,46.400000000000006,3,New Customers
CUST0007,1,0,0,1,70,0,1,2,0,0,0,0,0,1,0,1,2,22.1,1602.39,9,1,0,2,40,30,22,115,955.49,1,22.56887323943662,0.1,140,92,0.0,0,1,0,1,9.0,1,Loyal Customers
CUST0008,0,0,1,0,63,0,1,2,1,0,1,0,0,1,0,0,2,62.36,3975.38,0,5,1,1,216,94,91,102,12994.25,1,62.1153125,5.0,63,401,62.36,1,0,0,3,28.200000000000003,1,Loyal Customers
CUST0009,1,0,1,0,18,0,0,0,0,0,1,1,0,1,0,1,1,112.64,2112.39,2,3,7,8,119,111,107,115,1350.21,1,111.17842105263158,1.0,144,337,788.48,0,2,2,3,16.799999999999997,2,At Risk Customers
CUST0010,0,0,0,0,59,0,0,1,0,1,1,0,1,1,1,1,2,25.72,1575.9,8,4,2,1,270,11,52,8,9128.01,1,26.265,0.4444444444444444,59,333,51.44,1,0,0,4,40.0,1,Loyal Customers
CUST0011,1,0,1,1,6,0,1,1,0,0,1,0,1,0,0,0,3,51.62,384.91,1,0,7,10,298,13,23,68,3590.74,1,54.987142857142864,0.0,60,334,361.34,0,0,1,2,65.6,3,New Customers
CUST0012,0,0,0,1,32,0,0,1,1,0,0,1,0,1,2,1,2,31.54,1019.98,8,1,4,5,117,92,92,26,10468.71,0,30.90848484848485,0.1111111111111111,160,301,126.16,1,2,2,3,22.40000000000001,1,Loyal Customers
CUST0013,0,0,0,0,7,0,1,2,0,0,1,1,0,1,1,0,0,94.12,714.01,6,4,0,2,48,114,43,69,1022.41,1,89.25125,0.5714285714285714,14,205,0.0,0,1,1,3,1.6000000000000014,2,At Risk Customers
CUST0014,0,0,1,0,17,0,1,1,0,1,0,1,1,1,0,0,0,112.58,1937.53,2,1,6,1,101,95,90,100,13996.83,1,107.64055555555557,0.3333333333333333,17,286,675.48,1,2,2,4,7.200000000000003,2,At Risk Customers
CUST0015,1,0,1,1,49,0,1,1,1,1,0,0,0,1,0,1,3,52.83,2675.11,4,2,8,7,284,43,12,14,13217.06,0,53.5022,0.4,343,339,422.64,1,0,0,3,48.80000000000001,0,Premium Customers
CUST0016,0,0,0,1,14,0,0,1,0,0,1,0,1,0,0,0,1,71.99,1088.51,10,5,3,6,230,9,175,117,5287.9,1,72.56733333333334,0.4545454545454545,84,414,215.97,0,0,2,2,37.0,3,New Customers
CUST0017,0,1,1,0,65,0,0,2,0,0,0,0,1,1,0,0,0,81.55,5330.84,8,0,4,5,117,56,153,77,9993.23,1,80.77030303030303,0.0,325,326,326.2,1,2,0,2,25.40000000000001,2,At Risk Customers
CUST0018,0,0,0,1,66,0,0,2,1,1,0,0,1,1,1,1,0,34.74,2297.46,7,4,1,8,222,114,166,73,3319.31,0,34.29044776119403,0.5,528,502,34.74,0,0,0,4,46.400000000000006,1,Loyal Customers
CUST0019,0,0,0,1,19,0,1,0,0,1,1,0,1,1,2,1,3,33.33,679.73,8,4,5,8,268,55,145,57,13509.52,0,33.9865,0.4444444444444444,152,468,166.64999999999998,1,0,2,4,47.6,0,Premium Customers
CUST0020,0,0,0,1,36,0,0,2,1,0,0,1,0,1,0,0,1,33.84,1241.37,2,5,3,2,222,53,89,69,7255.9,1,33.55054054054054,1.6666666666666667,72,364,101.52,0,0,2,3,27.40000000000001,1,Loyal Customers
CUST0021,1,0,0,0,3,0,0,1,1,0,0,0,0,1,0,0,3,68.56,244.57,10,5,6,3,249,118,37,79,8244.79,1,61.1425,0.4545454545454545,9,404,411.36,1,0,1,2,28.800000000000004,3,New Customers
CUST0022,0,0,1,1,55,0,1,1,1,1,0,0,0,1,0,0,3,47.83,2725.77,6,2,1,8,19,96,143,6,14998.66,0,48.674464285714286,0.2857142857142857,440,258,47.83,1,1,0,3,11.8,1,Loyal Customers
CUST0023,0,0,1,1,4,0,1,0,1,1,1,1,0,1,1,1,3,89.95,436.49,2,4,1,3,169,14,153,3,13968.86,1,87.298,1.3333333333333333,12,336,89.95,1,2,1,5,25.800000000000004,0,Premium Customers
CUST0024,0,0,1,1,32,0,1,2,0,1,1,0,0,0,0,0,1,104.96,3440.95,1,3,5,8,88,56,50,93,8065.33,1,104.27121212121212,1.5,256,194,524.8,1,2,2,2,14.6,2,At Risk Customers
CUST0025,0,0,0,0,56,0,0,1,1,1,0,0,1,0,1,0,2,22.87,1365.82,2,3,3,6,142,44,76,112,9144.25,0,23.961754385964912,1.0,336,262,68.61,1,2,0,3,25.40000000000001,1,Loyal Customers
CUST0026,0,0,1,1,11,0,1,2,0,0,1,0,0,0,1,1,2,42.16,532.94,4,5,5,8,293,68,93,54,14951.16,0,44.41166666666667,1.0,88,454,210.8,1,0,1,1,49.6,0,Premium Customers
CUST0027,0,0,0,0,40,0,0,0,1,1,0,1,1,1,0,0,2,92.46,3796.06,8,4,4,2,109,38,63,46,3101.9,1,92.58682926829268,0.4444444444444444,80,210,369.84,0,2,0,5,5.800000000000001,2,At Risk Customers
CUST0028,1,1,1,0,6,0,1,2,0,1,0,1,1,0,0,0,2,38.44,235.78,7,0,1,7,261,10,152,80,10453.54,1,33.682857142857145,0.0,42,423,38.44,1,0,1,3,64.2,3,New Customers
CUST0029,1,0,0,1,32,0,1,2,0,1,0,0,0,0,2,0,2,76.86,2465.54,1,1,3,5,51,21,66,22,8503.89,0,74.71333333333334,0.5,160,138,230.58,1,1,2,1,11.200000000000005,2,At Risk Customers
CUST0030,1,0,0,0,61,0,0,0,1,0,0,0,1,1,2,1,3,31.48,1942.76,2,2,2,2,40,22,83,76,11359.89,0,31.33483870967742,0.6666666666666666,122,145,62.96,1,1,0,3,2.0,1,Loyal Customers
CUST0031,0,0,1,0,39,0,0,1,0,0,1,1,0,0,1,1,1,42.89,1740.14,9,4,0,5,30,98,49,60,8024.98,0,43.5035,0.4,195,177,0.0,1,1,0,2,4.0,1,Loyal Customers
CUST0032,0,0,1,0,63,0,1,1,0,0,0,0,1,1,0,0,2,86.26,5474.43,8,0,7,2,171,33,87,14,14567.68,1,85.53796875,0.0,126,291,603.82,1,2,0,2,24.200000000000003,0,Premium Customers
CUST0033,0,1,1,0,53,0,1,0,0,0,0,1,1,0,0,0,3,108.08,5776.71,0,5,3,3,169,71,8,70,6415.86,1,106.97611111111112,5.0,159,248,324.24,0,2,0,2,18.800000000000004,2,At Risk Customers
CUST0034,1,1,1,0,16,0,1,1,0,0,0,0,0,1,0,1,3,39.06,684.9,2,0,4,7,184,120,134,34,12397.97,0,40.28823529411765,0.0,112,438,156.24,1,0,2,1,42.8,0,Premium Customers
CUST0035,0,1,0,0,20,0,0,2,0,0,0,0,0,0,2,1,3,43.36,944.75,0,2,7,7,207,85,171,19,7682.27,0,44.98809523809524,2.0,140,463,303.52,0,0,2,0,35.400000000000006,3,New Customers
CUST0036,1,0,0,1,57,0,1,2,0,1,1,0,1,1,0,0,2,82.33,4732.56,1,2,8,7,172,81,129,111,8344.73,0,81.59586206896553,1.0,399,382,658.64,1,2,0,4,26.4,0,Premium Customers
CUST0037,1,0,0,1,12,0,0,0,1,0,1,0,1,1,0,1,2,55.85,713.27,3,4,6,10,102,22,49,10,9337.63,1,54.86692307692307,1.0,120,173,335.1,1,2,1,4,16.400000000000006,3,New Customers
CUST0038,0,0,1,0,19,0,1,1,0,0,0,1,0,0,1,1,1,64.17,1253.79,9,2,6,5,243,109,82,25,14990.92,0,62.6895,0.2,95,434,385.02,1,0,2,1,40.6,0,Premium Customers
CUST0039,0,0,1,0,46,0,0,2,0,1,0,0,1,1,2,0,2,97.57,4511.23,5,1,3,10,138,87,173,87,12655.89,0,95.9836170212766,0.1666666666666666,460,398,292.71,1,2,0,3,38.6,0,Premium Customers
CUST0040,1,1,1,0,57,0,1,2,0,1,1,0,0,0,0,1,2,73.09,4257.48,2,2,7,5,183,103,34,59,14461.95,0,73.40482758620689,0.6666666666666666,285,320,511.63,1,0,0,2,26.6,0,Premium Customers
CUST0041,1,1,1,0,72,0,0,0,0,1,0,1,0,0,1,0,3,102.24,7455.31,1,5,3,8,22,80,148,41,13771.21,0,102.12753424657537,2.5,576,250,306.72,1,1,0,2,-0.6000000000000014,2,At Risk Customers
CUST0042,1,0,1,0,39,0,0,0,1,1,1,0,0,1,0,1,3,65.36,2616.09,8,3,2,7,60,107,130,78,6417.68,1,65.40225000000001,0.3333333333333333,273,297,130.72,0,1,0,4,13.0,2,At Risk Customers
CUST0043,0,0,0,1,57,0,0,0,0,1,0,0,1,0,0,1,3,29.17,1683.9,10,4,0,1,180,32,37,100,8686.38,1,29.032758620689656,0.3636363636363636,57,249,0.0,1,2,0,2,26.0,1,Loyal Customers
CUST0044,1,1,1,1,30,0,0,0,1,0,1,1,0,1,0,1,0,21.49,723.7,3,4,5,1,99,34,18,16,11254.91,1,23.345161290322583,1.0,30,151,107.45,1,2,2,4,-0.1999999999999993,1,Loyal Customers
CUST0045,1,1,1,0,58,0,0,2,1,0,1,1,0,0,1,1,1,119.86,7036.61,6,5,1,8,237,10,25,41,9320.31,0,119.26457627118644,0.7142857142857143,464,272,119.86,1,0,0,3,46.400000000000006,0,Premium Customers
CUST0046,1,0,0,0,49,0,0,1,0,1,1,1,0,0,2,0,2,102.74,5074.13,1,2,6,6,140,48,44,87,13883.28,0,101.4826,1.0,294,232,616.4399999999999,1,2,0,3,22.0,0,Premium Customers
CUST0047,1,0,1,1,56,0,1,2,0,1,1,0,1,0,0,0,1,116.84,6603.08,5,0,8,4,89,85,128,28,12785.49,1,115.84350877192982,0.0,224,302,934.72,1,2,0,3,9.8,2,At Risk Customers
CUST0048,0,1,0,1,36,0,1,1,1,0,1,1,0,0,2,0,1,38.14,1387.37,10,3,1,3,25,12,140,27,5954.82,1,37.49648648648648,0.2727272727272727,108,177,38.14,0,1,2,3,0.0,1,Loyal Customers
CUST0049,0,0,1,0,40,0,0,2,1,1,1,1,1,1,0,0,3,80.71,3269.82,3,4,1,6,230,15,77,86,10338.05,1,79.75170731707317,1.0,240,322,80.71,1,0,0,6,44.0,0,Premium Customers
CUST0050,0,0,0,1,29,0,0,2,1,1,1,0,1,1,1,0,2,32.0,977.74,6,1,2,7,282,91,63,64,8601.49,0,32.59133333333333,0.1428571428571428,203,436,64.0,1,0,2,5,63.400000000000006,0,Premium Customers
CUST0051,0,0,0,1,56,0,1,1,1,0,0,0,0,0,0,1,2,37.19,2177.4,7,5,5,2,233,109,32,31,6817.31,1,38.2,0.625,112,374,185.95,0,0,0,1,25.6,1,Loyal Customers
CUST0052,0,0,1,0,40,0,0,0,0,1,1,1,1,0,0,1,0,30.28,1236.8,2,4,2,2,100,99,165,63,7227.32,1,30.165853658536584,1.3333333333333333,80,364,60.56,0,2,0,4,8.0,1,Loyal Customers
CUST0053,0,1,0,0,20,0,0,0,0,0,0,0,1,0,0,0,3,65.19,1309.49,4,0,1,10,269,50,123,74,8537.59,0,62.35666666666667,0.0,200,442,65.19,1,0,2,1,71.80000000000001,0,Premium Customers
CUST0054,1,0,1,0,61,0,1,0,0,1,0,1,1,1,0,0,3,72.41,4477.99,5,2,4,7,219,100,91,86,9169.35,0,72.22564516129032,0.3333333333333333,427,410,289.64,1,0,0,4,43.8,0,Premium Customers
CUST0055,0,0,0,1,72,0,0,1,0,1,0,1,1,0,0,0,0,79.5,5817.8,4,4,6,6,75,86,180,116,8132.7,1,79.69589041095891,0.8,432,341,477.0,1,1,0,3,3.0,2,At Risk Customers
CUST0056,0,0,0,1,47,0,0,0,1,0,0,1,1,1,0,0,1,70.77,3380.17,8,0,5,10,77,77,101,19,2852.58,0,70.42020833333333,0.0,470,255,353.85,0,1,0,4,25.4,2,At Risk Customers
CUST0057,1,1,0,1,53,0,0,2,1,0,0,0,1,1,0,0,0,56.78,3104.05,7,3,4,7,267,68,112,20,12344.92,1,57.48240740740741,0.375,371,447,227.12,1,0,0,3,50.400000000000006,0,Premium Customers
CUST0058,1,1,0,1,62,0,0,2,1,1,0,1,1,0,0,1,3,29.17,1899.59,7,2,0,7,37,51,133,47,3918.78,0,30.15222222222222,0.25,434,221,0.0,0,1,0,4,15.4,1,Loyal Customers
CUST0059,1,0,1,1,41,0,1,2,0,1,1,1,0,0,1,1,3,64.86,2659.79,1,0,4,4,86,71,160,67,6637.19,0,63.32833333333333,0.0,164,317,259.44,0,2,0,3,17.2,1,Loyal Customers
CUST0060,0,0,0,1,7,0,1,1,0,1,1,0,1,1,1,0,3,20.16,176.4,9,3,2,2,278,47,22,67,8389.19,1,22.05,0.3,14,347,40.32,1,0,1,4,46.6,3,New Customers
CUST0061,1,0,0,1,50,0,0,1,1,0,1,0,1,1,1,0,0,24.43,1276.1,10,1,7,8,103,104,39,8,10882.65,0,25.02156862745098,0.0909090909090909,400,246,171.01,1,2,0,4,19.6,1,Loyal Customers
CUST0062,0,0,0,1,6,0,1,0,0,0,0,0,0,1,1,1,2,55.7,412.28,10,2,4,2,198,56,107,95,6876.18,1,58.89714285714285,0.1818181818181818,12,361,222.8,0,0,1,1,29.6,3,New Customers
CUST0063,0,0,1,0,64,0,0,2,0,1,0,1,0,1,0,0,1,28.01,1858.73,4,3,6,3,237,45,119,5,11038.81,1,28.595846153846157,0.6,192,401,168.06,1,0,0,3,32.400000000000006,1,Loyal Customers
CUST0064,0,0,0,0,8,0,1,2,0,0,1,1,1,0,0,1,0,97.85,819.43,6,4,0,10,88,87,120,47,5894.19,1,91.04777777777775,0.5714285714285714,80,295,0.0,0,2,1,3,25.6,2,At Risk Customers
CUST0065,1,0,1,0,51,0,0,2,0,1,1,1,1,0,0,1,2,97.5,5042.9,3,4,4,8,112,16,39,109,1573.75,1,96.97884615384616,1.0,408,167,390.0,0,2,0,4,18.40000000000001,2,At Risk Customers
CUST0066,1,1,0,1,41,0,0,2,1,0,0,1,1,0,0,1,0,99.21,4091.28,7,0,5,9,198,60,146,16,9373.25,1,97.41142857142856,0.0,369,404,496.05,1,0,0,3,47.6,0,Premium Customers
CUST0067,1,0,0,0,62,0,0,1,1,1,0,1,0,0,1,0,0,107.8,6761.63,10,4,2,3,231,65,19,106,2300.34,1,107.32746031746032,0.3636363636363636,186,315,215.6,0,0,0,3,36.2,2,At Risk Customers
CUST0068,1,0,1,1,42,0,1,1,0,1,0,1,0,1,1,1,0,79.18,3383.62,2,5,5,10,31,106,12,10,1159.2,0,78.68883720930232,1.6666666666666667,420,149,395.9,0,1,0,3,1.1999999999999993,2,At Risk Customers
CUST0069,0,0,1,0,4,0,0,2,0,0,0,1,0,0,0,1,0,63.96,304.27,3,2,2,6,173,94,93,51,2396.11,0,60.854,0.5,24,360,127.92,0,2,1,1,36.6,3,New Customers
CUST0070,0,0,1,0,31,0,0,0,0,0,1,1,1,1,0,0,3,44.83,1476.26,2,2,5,4,91,64,136,59,7732.02,1,46.133125,0.6666666666666666,124,291,224.15,0,2,2,4,10.2,1,Loyal Customers
CUST0071,0,0,1,1,51,0,0,0,1,0,1,1,0,0,1,0,2,73.67,3841.89,6,1,4,6,216,47,16,51,1241.79,0,73.8825,0.1428571428571428,306,279,294.68,0,0,0,3,44.2,3,New Customers
CUST0072,1,0,0,1,50,0,0,2,0,1,1,1,0,0,1,0,2,95.5,4794.91,8,3,8,1,33,5,40,91,5329.09,1,94.0178431372549,0.3333333333333333,50,78,764.0,0,1,0,3,-16.4,2,At Risk Customers
CUST0073,0,0,0,1,66,0,1,1,0,1,0,0,0,0,1,0,3,101.57,6740.46,10,0,6,10,167,102,166,3,9155.19,0,100.60388059701492,0.0,660,435,609.42,1,2,0,1,41.4,0,Premium Customers
CUST0074,0,0,1,1,62,0,1,2,0,1,1,1,1,1,0,0,3,35.14,2247.73,6,4,7,1,80,67,58,71,5213.22,1,35.67825396825397,0.5714285714285714,62,205,245.98,0,1,0,5,-8.0,1,Loyal Customers
CUST0075,0,0,0,0,23,0,0,2,0,0,0,0,1,1,0,0,0,114.15,2723.68,4,5,3,8,172,62,94,71,14038.66,1,113.48666666666666,1.0,184,328,342.45000000000005,1,2,2,2,29.4,0,Premium Customers
CUST0076,0,0,1,0,51,0,0,0,0,1,0,1,0,0,1,0,0,40.21,2104.57,8,5,4,3,65,79,155,30,4015.64,1,40.4725,0.5555555555555556,153,299,160.84,0,1,0,2,-4.0,1,Loyal Customers
CUST0077,1,0,1,1,13,0,0,1,0,1,1,1,1,0,1,0,3,85.05,1181.24,4,2,4,1,55,84,151,29,8259.71,0,84.37428571428572,0.4,13,290,340.2,1,1,2,4,-1.0,2,At Risk Customers
CUST0078,1,0,0,1,5,0,0,1,1,0,1,1,0,1,2,0,2,65.43,391.28,8,3,2,9,249,35,54,103,2133.38,1,65.21333333333332,0.3333333333333333,45,338,130.86,0,0,1,4,54.80000000000001,3,New Customers
CUST0079,1,1,0,0,24,0,1,2,0,0,1,1,0,0,0,1,3,86.93,2104.8,2,3,5,4,13,34,103,30,6977.67,1,84.19200000000001,1.0,96,150,434.65,0,1,2,2,-8.4,2,At Risk Customers
CUST0080,0,0,0,1,34,0,0,2,1,1,1,0,0,1,0,0,1,83.87,2945.64,5,4,3,4,78,62,44,58,11342.16,1,84.16114285714285,0.6666666666666666,136,184,251.61,1,1,2,4,5.600000000000001,2,At Risk Customers
CUST0081,0,0,0,1,32,0,1,2,0,0,1,1,1,1,1,1,0,52.81,1741.95,1,5,3,10,260,12,135,57,12226.04,0,52.78636363636364,2.5,320,407,158.43,1,0,2,4,51.0,0,Premium Customers
CUST0082,0,0,0,0,8,0,0,2,0,1,0,0,1,1,1,1,3,54.45,441.98,0,0,7,1,156,53,51,98,2463.72,1,49.10888888888889,0.0,8,260,381.15,0,2,1,3,19.200000000000003,3,New Customers
CUST0083,0,0,0,0,49,0,0,0,1,0,1,1,0,1,1,1,1,95.62,4783.23,7,5,8,7,282,49,63,31,7179.07,0,95.6646,0.625,343,394,764.96,0,0,0,4,39.400000000000006,0,Premium Customers
CUST0084,1,0,1,1,5,0,0,2,1,1,1,1,1,1,0,1,0,94.05,510.48,3,4,3,1,81,65,79,29,12328.9,1,85.08,1.0,5,225,282.15,1,2,1,6,0.1999999999999993,2,At Risk Customers
CUST0085,0,0,0,1,39,0,1,2,1,0,0,0,1,1,1,0,3,24.69,997.35,10,5,6,9,173,90,111,52,2663.66,0,24.93375,0.4545454545454545,351,374,148.14,0,2,0,3,25.6,3,New Customers
CUST0086,0,0,0,1,29,0,0,2,1,0,1,0,0,1,0,0,0,53.03,1545.78,7,2,1,9,107,7,73,48,10268.24,0,51.526,0.25,261,187,53.03,1,2,2,3,31.40000000000001,0,Premium Customers
CUST0087,1,1,1,1,72,0,1,1,1,0,0,1,1,1,2,1,3,111.44,8093.24,3,3,3,9,174,100,77,48,7260.63,0,110.866301369863,0.75,648,351,334.32,0,2,0,4,37.8,2,At Risk Customers
CUST0088,0,0,0,0,66,0,0,1,1,0,0,1,0,0,0,1,0,21.62,1482.25,9,4,6,5,88,26,89,29,6007.68,1,22.12313432835821,0.4,330,203,129.72,0,2,0,2,3.6000000000000014,1,Loyal Customers
CUST0089,1,0,0,0,63,0,0,1,1,0,1,1,0,1,2,1,1,103.91,6553.76,10,0,0,7,80,108,166,29,1485.54,0,102.4025,0.0,441,354,0.0,0,1,0,4,30.0,2,At Risk Customers
CUST0090,1,0,1,0,48,0,1,2,0,0,1,1,0,1,0,0,2,21.71,1123.4,10,3,2,2,59,68,43,30,3283.01,1,22.9265306122449,0.2727272727272727,96,170,43.42,0,1,0,3,2.8000000000000007,1,Loyal Customers
CUST0091,0,1,0,0,51,0,1,1,0,0,1,1,0,1,1,1,1,60.53,3124.75,7,0,0,3,52,64,116,82,11873.46,1,60.09134615384615,0.0,153,232,0.0,1,1,0,3,16.4,1,Loyal Customers
CUST0092,1,1,1,1,28,0,0,1,1,1,0,1,1,0,0,1,0,95.23,2737.71,6,0,4,3,298,31,150,106,12816.92,1,94.40379310344828,0.0,84,479,380.92,1,0,2,4,57.6,0,Premium Customers
CUST0093,0,0,1,1,65,0,0,0,1,0,1,1,0,0,2,0,1,83.41,5500.0,7,3,3,6,293,49,115,23,10355.58,0,83.33333333333333,0.375,390,457,250.23,1,0,0,3,55.6,0,Premium Customers
CUST0094,0,0,0,1,10,0,1,1,1,0,1,0,0,0,0,1,2,64.47,720.83,1,1,1,3,230,58,147,71,7930.39,1,65.53,0.5,30,435,64.47,0,0,1,2,47.0,3,New Customers
CUST0095,1,0,1,0,71,0,1,2,0,0,1,0,0,0,1,1,0,88.53,6302.58,4,2,4,8,84,9,47,55,4501.45,0,87.53583333333333,0.4,568,140,354.12,0,2,0,1,18.8,2,At Risk Customers
CUST0096,0,0,1,0,33,0,1,2,0,1,0,1,1,0,0,0,2,104.16,3475.27,5,3,5,7,79,39,87,77,14235.54,1,102.21382352941175,0.5,231,205,520.8,1,1,2,3,10.8,2,At Risk Customers
CUST0097,1,0,0,1,51,0,0,1,0,1,0,0,0,0,0,1,0,88.17,4551.68,7,5,3,8,159,107,22,104,12792.92,1,87.5323076923077,0.625,408,288,264.51,1,2,0,1,26.8,0,Premium Customers
CUST0098,0,1,0,1,39,0,1,1,1,0,0,1,0,0,1,0,1,99.07,3899.68,8,4,1,2,137,85,175,45,2911.91,1,97.492,0.4444444444444444,78,397,99.07,0,2,0,2,17.400000000000002,2,At Risk Customers
CUST0099,1,0,0,0,56,0,1,0,1,0,1,1,0,0,0,1,2,119.77,6755.4,4,3,1,2,82,45,84,43,7102.32,1,118.5157894736842,0.6,112,211,119.77,0,2,0,3,9.400000000000002,2,At Risk Customers
CUST0100,1,0,0,0,61,0,1,1,0,0,1,0,1,1,0,0,1,87.71,5366.75,3,4,2,9,91,43,148,54,14397.71,0,86.56048387096774,1.0,549,282,175.42,1,2,0,3,20.200000000000003,0,Premium Customers
CUST0101,1,1,0,1,24,0,0,1,1,1,0,0,0,1,1,1,2,95.23,2366.39,1,4,1,9,105,47,88,25,7134.48,0,94.6556,2.0,216,240,95.23,0,2,2,3,25.0,2,At Risk Customers
CUST0102,0,1,0,0,50,0,0,2,1,0,0,0,1,0,2,1,0,51.32,2589.86,1,1,5,3,271,50,112,76,2499.08,0,50.78156862745098,0.5,150,433,256.6,0,0,0,2,47.2,3,New Customers
CUST0103,0,0,1,0,69,0,1,2,1,0,0,1,1,0,2,1,2,115.18,7995.88,3,3,8,9,263,53,180,62,6526.64,0,114.22685714285714,0.75,621,496,921.44,0,0,0,3,45.6,0,Premium Customers
CUST0104,0,0,1,1,4,0,1,1,1,0,1,0,1,0,1,0,1,77.27,335.87,8,2,8,1,235,70,60,54,1985.04,1,67.174,0.2222222222222222,4,365,618.16,0,0,1,3,27.0,3,New Customers
CUST0105,1,0,1,0,34,0,0,0,0,1,1,1,0,0,0,1,0,101.35,3526.44,9,2,8,5,285,22,87,90,4743.2,1,100.75542857142857,0.2,170,394,810.8,0,0,2,3,45.0,0,Premium Customers
CUST0106,0,1,1,1,53,0,1,1,1,1,1,1,0,1,1,0,3,34.22,1876.9,10,3,6,8,48,82,28,51,7976.4,1,34.757407407407406,0.2727272727272727,424,158,205.32,0,1,0,5,4.600000000000001,1,Loyal Customers
CUST0107,0,1,0,0,63,0,0,2,1,1,0,0,1,0,0,0,0,69.47,4408.9,4,2,8,10,76,73,129,100,5484.22,0,68.8890625,0.4,630,278,555.76,0,1,0,3,13.200000000000005,2,At Risk Customers
CUST0108,1,0,1,0,3,0,1,0,0,0,1,0,1,1,2,0,0,107.44,409.98,1,5,5,5,52,48,175,115,9909.21,1,102.495,2.5,15,275,537.2,1,1,1,3,-4.600000000000001,2,At Risk Customers
CUST0109,1,0,0,1,55,0,1,2,1,1,1,0,1,1,1,0,1,20.81,1178.91,1,3,2,8,46,30,103,11,11096.07,0,21.051964285714288,1.5,440,179,41.62,1,1,0,5,12.200000000000005,1,Loyal Customers
CUST0110,1,0,0,0,39,0,1,1,1,1,1,1,1,0,0,1,0,111.99,4429.22,7,1,1,2,81,97,36,75,11085.13,1,110.7305,0.125,78,214,111.99,1,2,0,5,15.2,2,At Risk Customers
CUST0111,0,0,0,1,32,0,0,2,1,1,0,1,0,1,0,1,3,49.55,1591.06,3,3,6,2,133,64,168,76,1529.67,1,48.21393939393939,0.75,64,365,297.29999999999995,0,2,2,4,9.6,3,New Customers
CUST0112,1,0,0,1,50,0,0,1,1,0,1,1,1,1,0,1,1,114.87,5783.3,4,5,8,7,226,90,107,10,9787.79,1,113.39803921568628,1.0,350,423,918.96,1,0,0,5,28.200000000000003,0,Premium Customers
CUST0113,1,0,1,0,11,0,1,0,0,0,1,0,0,1,0,1,3,31.6,408.83,0,2,2,2,16,91,40,89,664.58,1,34.06916666666667,2.0,22,147,63.2,0,1,1,2,-2.8,3,New Customers
CUST0114,0,0,0,1,48,0,1,2,0,1,1,0,0,0,0,0,1,69.61,3392.36,0,3,2,6,90,33,31,114,8821.73,1,69.23183673469389,3.0,288,154,139.22,1,2,0,2,17.0,2,At Risk Customers
CUST0115,1,0,1,1,2,0,1,0,0,0,0,1,1,1,1,0,0,52.18,145.99,5,2,1,10,200,16,133,86,13578.14,0,48.66333333333333,0.3333333333333333,20,349,52.18,1,0,1,3,52.0,0,Premium Customers
CUST0116,1,0,1,0,9,0,0,1,0,0,1,0,1,0,0,0,0,66.39,656.68,7,1,8,4,87,1,109,3,3878.47,1,65.66799999999999,0.125,36,197,531.12,0,2,1,2,6.400000000000002,3,New Customers
CUST0117,0,0,1,0,1,0,0,2,0,1,1,1,0,0,2,1,2,29.3,121.43,8,3,5,8,53,75,29,64,2435.95,1,60.715,0.3333333333333333,8,157,146.5,0,1,1,3,7.600000000000001,3,New Customers
CUST0118,0,0,1,0,17,0,1,1,0,0,0,0,0,0,0,1,0,33.61,648.38,1,1,1,3,240,60,85,52,2250.68,0,36.02111111111111,0.5,51,385,33.61,0,0,2,0,49.0,3,New Customers
CUST0119,0,1,1,0,40,0,0,1,1,1,1,0,1,1,2,0,0,29.12,1189.62,5,3,8,1,163,34,49,3,14305.4,1,29.01512195121951,0.5,40,246,232.96,1,2,0,5,9.6,1,Loyal Customers
CUST0120,0,0,1,1,60,0,1,0,1,1,1,1,1,1,2,0,1,78.23,4719.68,1,0,1,4,237,104,37,11,13623.63,0,77.37180327868853,0.0,240,378,78.23,1,0,0,6,53.400000000000006,0,Premium Customers
CUST0121,0,0,1,0,7,0,1,2,0,0,0,1,0,0,0,1,0,47.5,377.1,2,0,3,5,265,53,145,61,1384.2,1,47.1375,0.0,35,463,142.5,0,0,1,1,57.0,3,New Customers
CUST0122,0,0,1,0,26,0,1,2,1,0,0,0,0,0,2,0,3,47.04,1225.65,9,1,0,5,39,104,125,67,5682.78,0,45.394444444444446,0.1,130,268,0.0,0,1,2,1,14.8,1,Loyal Customers
CUST0123,1,0,1,1,31,0,0,2,1,1,0,0,1,1,0,0,2,111.4,3456.22,5,4,2,10,106,108,131,69,4981.27,1,108.006875,0.6666666666666666,310,345,222.8,0,2,2,4,25.200000000000003,2,At Risk Customers
CUST0124,0,0,1,1,30,0,1,0,0,1,0,1,1,0,1,0,1,22.19,724.36,2,0,8,6,47,48,174,50,8997.24,0,23.366451612903223,0.0,180,269,177.52,1,1,2,3,5.399999999999999,1,Loyal Customers
CUST0125,0,0,0,1,21,0,0,2,0,0,1,0,1,1,0,0,0,37.77,793.35,9,3,0,3,172,118,161,28,9774.88,1,36.06136363636364,0.3,63,451,0.0,1,2,2,3,31.4,3,New Customers
CUST0126,1,0,1,0,10,0,1,1,0,1,1,0,0,1,0,1,1,55.05,629.2,0,0,6,8,224,22,110,63,13285.67,1,57.2,0.0,80,356,330.29999999999995,1,0,1,3,48.8,0,Premium Customers
CUST0127,0,0,0,1,62,0,1,0,0,1,1,0,1,0,0,1,1,54.18,3447.95,2,5,1,9,57,44,157,78,13451.78,1,54.729365079365074,1.6666666666666667,558,258,54.18,1,1,0,3,12.4,1,Loyal Customers
CUST0128,1,0,1,0,21,0,1,0,0,1,1,0,0,0,0,1,1,59.29,1300.06,7,1,0,6,11,55,27,37,12446.51,0,59.09363636363637,0.125,126,93,0.0,1,1,2,2,11.2,1,Loyal Customers
CUST0129,0,0,1,1,27,0,1,2,0,1,0,1,0,0,0,0,1,84.19,2311.88,5,3,5,3,238,6,72,56,7243.34,1,82.56714285714285,0.5,81,316,420.95,0,0,2,2,34.6,3,New Customers
CUST0130,1,1,0,1,20,0,1,0,0,0,1,1,0,0,2,0,0,67.63,1360.5,0,4,8,10,85,16,119,22,14261.39,0,64.78571428571429,4.0,200,220,541.04,1,2,2,2,9.0,0,Premium Customers
CUST0131,1,0,1,1,6,0,0,0,0,1,1,0,0,1,0,0,2,105.66,685.93,0,5,8,7,67,54,43,18,8715.61,1,97.99,5.0,42,164,845.28,1,1,1,3,-3.6000000000000014,2,At Risk Customers
CUST0132,1,0,1,0,69,0,0,1,0,0,0,0,1,1,0,1,3,23.88,1736.68,5,5,3,1,253,118,73,114,5900.39,1,24.80971428571429,0.8333333333333334,69,444,71.64,0,0,0,2,31.6,1,Loyal Customers
CUST0133,0,1,0,0,36,0,0,2,1,1,1,0,0,0,0,0,1,38.79,1417.58,6,5,7,9,201,106,19,65,11976.61,1,38.31297297297297,0.7142857142857143,324,326,271.53,1,0,2,3,29.200000000000003,0,Premium Customers
CUST0134,1,0,0,1,68,0,1,0,1,1,1,1,1,0,0,0,0,47.4,3305.55,8,3,1,1,133,48,130,76,6968.5,1,47.90652173913044,0.3333333333333333,68,311,47.4,0,2,0,5,17.6,1,Loyal Customers
CUST0135,0,0,0,0,21,0,0,2,1,0,1,0,1,1,2,1,0,84.74,1847.31,4,5,6,9,20,111,179,1,7374.41,0,83.96863636363636,1.0,189,310,508.44,0,1,2,4,-5.0,2,At Risk Customers
CUST0136,1,0,1,1,29,0,0,2,0,0,0,0,0,0,0,0,2,87.72,2626.31,6,4,1,1,271,85,100,71,9886.46,1,87.54366666666667,0.5714285714285714,29,456,87.72,1,0,2,0,42.2,0,Premium Customers
CUST0137,0,0,1,0,9,0,0,1,0,0,0,0,1,1,0,1,1,100.54,985.1,9,3,5,3,23,84,132,37,4261.68,1,98.51,0.3,27,239,502.7000000000001,0,1,1,2,-8.399999999999999,2,At Risk Customers
CUST0138,0,0,0,1,25,0,0,2,1,0,0,0,1,1,0,0,0,94.09,2424.77,8,1,5,2,123,46,62,95,13135.77,1,93.2603846153846,0.1111111111111111,50,231,470.4500000000001,1,2,2,3,15.6,2,At Risk Customers
CUST0139,0,1,0,0,34,0,0,1,1,0,1,1,0,1,0,0,2,61.31,2171.62,2,1,3,6,219,73,122,18,5087.56,0,62.04628571428571,0.3333333333333333,204,414,183.93,0,0,2,4,46.8,3,New Customers
CUST0140,1,1,1,0,43,0,1,1,1,1,0,0,1,1,1,1,3,98.52,4314.34,2,4,6,7,216,55,127,49,567.7,0,98.05318181818184,1.3333333333333333,301,398,591.12,0,0,0,4,33.2,3,New Customers
CUST0141,1,1,0,1,42,0,1,0,1,1,1,0,0,1,0,0,0,26.53,1118.83,4,3,8,10,278,44,116,113,10458.31,1,26.019302325581396,0.6,420,438,212.24,1,0,0,4,50.6,0,Premium Customers
CUST0142,1,0,0,0,25,0,1,1,1,1,1,1,1,1,1,1,1,56.66,1481.55,0,3,4,9,34,77,17,84,2067.65,1,56.982692307692304,3.0,225,128,226.64,0,1,2,6,7.800000000000001,3,New Customers
CUST0143,1,0,1,0,57,0,0,0,0,0,1,1,1,0,0,1,2,82.28,4760.03,6,0,8,10,70,37,34,100,2040.82,1,82.06948275862068,0.0,570,141,658.24,0,1,0,3,18.0,2,At Risk Customers
CUST0144,1,0,1,0,67,0,1,1,0,0,1,1,0,1,1,0,2,43.45,2912.42,1,0,7,3,56,100,135,9,10991.67,0,42.82970588235294,0.0,201,291,304.15000000000003,1,1,0,3,3.200000000000003,1,Loyal Customers
CUST0145,1,1,0,1,59,0,0,1,0,1,1,1,1,0,0,0,3,93.85,5546.65,0,0,2,3,178,46,117,79,4390.49,1,92.44416666666666,0.0,177,341,187.7,0,2,0,4,37.6,2,At Risk Customers
CUST0146,1,0,0,1,15,0,0,1,0,0,0,0,0,1,0,1,0,30.37,546.67,7,4,7,3,204,100,96,78,917.84,1,34.166875,0.5,45,400,212.59,0,0,2,1,20.800000000000004,3,New Customers
CUST0147,1,0,0,1,53,0,0,0,1,0,0,1,1,0,0,1,3,86.17,4591.87,5,5,6,3,295,115,161,6,668.85,1,85.03462962962963,0.8333333333333334,159,571,517.02,0,0,0,3,38.0,3,New Customers
CUST0148,1,0,0,0,22,0,1,1,0,1,0,0,1,1,1,0,3,101.71,2245.5,7,4,7,2,265,58,85,15,14719.73,1,97.6304347826087,0.5,44,408,711.9699999999999,1,0,2,3,31.0,0,Premium Customers
CUST0149,1,0,0,0,5,0,1,0,0,1,0,0,0,1,2,0,2,76.02,442.08,7,5,5,8,68,13,173,28,531.86,1,73.67999999999999,0.625,40,254,380.1,0,1,1,2,4.600000000000001,3,New Customers
CUST0150,0,1,0,0,14,0,1,0,0,1,0,1,0,1,0,0,0,65.7,997.94,5,0,6,1,73,99,120,58,10047.62,1,66.52933333333334,0.0,14,292,394.2000000000001,1,1,2,3,4.600000000000001,1,Loyal Customers
CUST0151,1,0,1,1,71,0,0,2,0,1,1,1,1,0,1,0,3,61.87,4453.67,3,2,6,6,160,58,39,17,6484.81,0,61.85652777777778,0.5,426,257,371.22,0,2,0,4,26.0,1,Loyal Customers
CUST0152,0,1,0,1,26,0,1,2,0,0,1,1,0,1,1,0,3,87.42,2362.31,8,2,6,1,277,14,11,48,2607.24,0,87.49296296296296,0.2222222222222222,26,302,524.52,0,0,2,3,39.400000000000006,3,New Customers
CUST0153,1,0,0,1,37,0,0,0,1,0,1,1,0,0,0,1,3,43.76,1697.55,4,5,0,7,208,54,180,40,14504.58,0,44.67236842105263,1.0,259,442,0.0,1,0,0,3,40.6,0,Premium Customers
CUST0154,1,0,0,1,57,0,1,2,0,1,1,0,0,1,2,1,0,116.25,6699.76,1,3,0,7,152,72,72,16,2833.47,0,115.51310344827588,1.5,399,296,0.0,0,2,0,3,35.400000000000006,2,At Risk Customers
CUST0155,0,0,0,0,20,0,1,0,0,1,0,0,0,1,1,0,0,115.7,2366.06,8,1,6,9,284,52,28,44,3707.37,0,112.6695238095238,0.1111111111111111,180,364,694.2,0,0,2,2,59.80000000000001,0,Premium Customers
CUST0156,1,1,0,0,47,0,0,0,0,1,1,0,0,1,2,1,1,88.26,4180.31,1,3,4,9,154,4,137,105,11672.17,0,87.08979166666667,1.5,423,295,353.04,1,2,0,3,31.8,0,Premium Customers
CUST0157,0,0,1,0,25,0,0,2,1,1,1,1,1,1,1,1,3,103.57,2609.81,6,5,1,3,22,59,89,4,1769.05,1,100.3773076923077,0.7142857142857143,75,170,103.57,0,1,2,6,-6.6,2,At Risk Customers
CUST0158,1,0,0,1,30,0,0,1,0,0,0,0,0,1,0,1,1,84.14,2586.03,9,0,1,6,267,14,79,100,10445.24,0,83.42032258064516,0.0,180,360,84.14,1,0,2,1,63.400000000000006,0,Premium Customers
CUST0159,1,0,0,0,51,0,1,1,1,1,1,0,0,1,0,0,1,75.35,3898.36,1,0,0,10,211,69,145,10,4918.02,0,74.96846153846154,0.0,510,425,0.0,0,0,0,4,62.2,0,Premium Customers
CUST0160,0,0,0,1,21,0,1,0,0,1,1,1,1,0,1,1,2,87.17,1855.64,3,5,7,6,192,17,176,83,3900.73,0,84.34727272727274,1.25,126,385,610.19,0,0,2,4,21.40000000000001,3,New Customers
CUST0161,0,0,1,1,41,0,0,1,0,0,1,0,0,0,0,0,0,98.57,4112.59,10,3,4,6,78,87,89,112,7459.33,1,97.91880952380951,0.2727272727272727,246,254,394.28,0,1,0,1,10.6,2,At Risk Customers
CUST0162,0,0,0,0,71,0,1,0,1,0,1,1,0,1,1,1,1,101.26,7247.35,9,1,0,9,143,70,143,60,9981.67,0,100.6576388888889,0.1,639,356,0.0,1,2,0,4,43.6,0,Premium Customers
CUST0163,1,0,0,1,38,0,1,1,1,0,0,1,1,1,1,1,3,35.92,1421.6,9,5,2,8,193,6,61,97,7570.81,0,36.45128205128205,0.5,304,260,71.84,0,0,0,4,35.6,3,New Customers
CUST0164,1,0,0,1,6,0,1,2,0,0,0,0,1,1,2,0,1,90.37,594.36,4,5,4,10,288,73,49,48,9978.29,1,84.90857142857143,1.0,60,410,361.48,1,0,1,2,54.6,0,Premium Customers
CUST0165,0,0,1,0,49,0,1,2,0,0,0,0,0,1,0,1,3,36.56,1799.15,10,2,3,3,105,21,97,77,10900.89,1,35.983000000000004,0.1818181818181818,147,223,109.68,1,2,0,1,15.0,1,Loyal Customers
CUST0166,1,1,1,0,43,0,1,1,0,0,1,1,0,1,0,1,0,33.47,1490.47,9,1,0,3,142,119,51,66,14394.46,1,33.87431818181818,0.1,129,312,0.0,1,2,0,3,31.40000000000001,1,Loyal Customers
CUST0167,1,1,0,1,28,0,0,2,0,0,1,1,0,1,1,1,2,36.77,1098.12,7,4,1,4,203,50,38,13,740.16,1,37.86620689655173,0.5,112,291,36.77,0,0,2,3,34.6,3,New Customers
CUST0168,0,1,1,1,23,0,0,2,1,1,1,0,1,1,2,0,3,57.04,1316.26,8,3,3,8,205,45,155,102,11250.21,0,54.844166666666666,0.3333333333333333,184,405,171.12,1,0,2,5,42.0,0,Premium Customers
CUST0169,1,0,1,0,62,0,1,0,0,0,0,1,1,1,1,1,1,57.5,3585.54,5,3,5,2,89,55,171,74,4177.67,1,56.91333333333333,0.5,124,315,287.5,0,2,0,3,2.8000000000000007,1,Loyal Customers
CUST0170,0,0,0,0,51,0,1,1,0,1,0,0,0,0,1,0,0,105.5,5446.43,3,3,2,2,119,66,107,100,5407.35,1,104.73903846153848,0.75,102,292,211.0,0,2,0,1,14.8,2,At Risk Customers
CUST0171,1,0,0,1,12,0,1,1,0,1,1,0,1,0,0,1,3,113.07,1396.9,10,4,4,10,39,100,49,81,7668.34,1,107.45384615384616,0.3636363636363636,120,188,452.28,0,1,1,3,7.800000000000001,2,At Risk Customers
CUST0172,1,0,0,1,5,0,1,2,1,1,0,1,1,1,0,0,3,55.31,316.06,9,1,8,1,45,118,28,70,4625.16,1,52.67666666666667,0.1,5,191,442.48,0,1,1,5,-8.0,3,New Customers
CUST0173,0,0,0,1,25,0,0,1,1,0,1,0,1,1,0,0,1,100.29,2602.92,8,4,4,8,203,73,128,98,4027.46,1,100.1123076923077,0.4444444444444444,200,404,401.16,0,0,2,4,36.6,3,New Customers
CUST0174,0,1,0,0,4,0,0,0,0,1,0,1,1,0,0,0,1,90.08,386.65,4,0,6,6,48,71,50,60,5051.16,1,77.33,0.0,24,169,540.48,0,1,1,3,9.6,2,At Risk Customers
CUST0175,1,1,0,1,25,0,0,2,1,1,1,0,1,1,0,1,2,35.6,900.67,1,5,7,10,13,98,143,5,12796.15,1,34.64115384615384,2.5,250,254,249.2,1,1,2,5,-6.399999999999999,1,Loyal Customers
CUST0176,0,0,0,0,36,0,0,0,0,0,1,1,1,0,0,1,2,59.37,2205.95,2,3,1,9,245,41,7,1,10274.49,0,59.62027027027027,1.0,324,293,59.37,1,0,2,3,56.0,0,Premium Customers
CUST0177,0,0,1,0,47,0,0,0,0,1,0,0,0,0,0,0,0,61.91,2984.99,5,3,4,8,102,74,38,73,10447.17,1,62.18729166666666,0.5,376,214,247.64,1,2,0,1,19.40000000000001,1,Loyal Customers
CUST0178,1,1,0,1,72,0,0,1,1,1,1,0,1,1,0,1,2,98.53,7124.16,8,4,0,7,60,89,46,7,3624.28,1,97.59123287671233,0.4444444444444444,504,195,0.0,0,1,0,5,14.0,2,At Risk Customers
CUST0179,0,0,1,0,43,0,0,1,0,0,0,1,0,1,0,1,0,117.94,5099.88,5,5,8,8,238,114,25,48,9398.12,1,115.90636363636364,0.8333333333333334,344,377,943.52,1,0,0,2,32.6,0,Premium Customers
CUST0180,0,0,1,1,44,0,0,2,0,1,1,1,0,1,0,0,2,80.54,3583.31,7,2,8,8,221,22,52,109,834.97,1,79.62911111111111,0.25,352,295,644.32,0,0,0,4,38.2,3,New Customers
CUST0181,1,1,0,1,27,0,1,1,1,1,1,0,1,1,1,1,1,46.25,1264.28,10,3,4,4,136,95,77,56,9583.97,1,45.15285714285714,0.2727272727272727,108,308,185.0,1,2,2,5,18.200000000000003,1,Loyal Customers
CUST0182,1,0,1,1,5,0,0,1,0,0,0,0,1,1,1,0,3,72.35,425.7,4,2,7,9,126,104,27,56,4964.09,0,70.95,0.4,45,257,506.44999999999993,0,2,1,2,23.200000000000003,3,New Customers
CUST0183,0,0,1,0,2,0,1,2,1,0,0,0,1,0,2,0,2,20.91,84.86,4,4,3,1,290,48,53,52,13291.35,1,28.286666666666665,0.8,2,391,62.73,1,0,1,2,42.0,3,New Customers
CUST0184,0,0,1,1,50,0,0,0,0,1,0,1,0,0,1,0,3,38.8,1946.85,2,2,1,8,241,35,164,62,3222.95,0,38.173529411764704,0.6666666666666666,400,440,38.8,0,0,0,2,56.2,3,New Customers
CUST0185,1,0,1,1,24,0,1,1,0,1,0,1,1,1,0,0,0,54.19,1331.72,7,2,7,1,179,11,42,7,4364.3,1,53.2688,0.25,24,232,379.33,0,2,2,4,17.800000000000004,3,New Customers
CUST0186,0,0,0,1,25,0,0,1,1,1,1,0,0,1,1,1,0,66.08,1729.1,8,5,3,8,209,88,84,119,5184.42,0,66.50384615384615,0.5555555555555556,200,381,198.24,0,0,2,4,36.8,3,New Customers
CUST0187,1,1,1,0,62,0,0,0,0,1,1,1,1,0,0,1,2,78.47,4904.72,3,0,0,10,253,89,157,19,5885.28,0,77.85269841269842,0.0,620,499,0.0,0,0,0,4,70.6,0,Premium Customers
CUST0188,1,0,1,0,12,0,0,2,1,1,0,1,1,1,0,0,2,100.55,1250.47,3,0,6,6,78,33,15,62,10746.08,1,96.19,0.0,72,126,603.3,1,1,1,5,15.6,2,At Risk Customers
CUST0189,0,0,0,1,24,0,0,1,0,0,1,1,1,0,0,0,2,65.41,1647.43,8,3,2,1,196,100,163,30,5150.06,1,65.8972,0.3333333333333333,24,459,130.82,0,0,2,3,28.200000000000003,3,New Customers
CUST0190,1,1,0,1,68,0,0,2,1,0,0,0,0,1,0,1,1,103.52,7052.34,0,1,1,8,108,13,13,73,9805.4,0,102.20782608695652,1.0,544,134,103.52,1,2,0,2,32.6,2,At Risk Customers
CUST0191,0,1,0,0,7,0,0,0,1,1,1,0,1,0,2,1,2,75.8,624.42,6,2,0,10,146,68,15,93,1520.63,0,78.0525,0.2857142857142857,70,229,0.0,0,2,1,4,43.2,3,New Customers
CUST0192,0,0,1,1,13,0,1,2,0,1,1,1,1,0,1,0,3,90.26,1216.09,1,1,2,9,215,65,91,84,2793.56,0,86.86357142857142,0.5,117,371,180.52,0,0,2,4,54.0,3,New Customers
CUST0193,0,0,0,0,48,0,0,2,0,0,1,1,0,0,0,0,3,115.98,5567.06,0,2,0,9,79,114,82,0,4854.84,0,113.61346938775512,2.0,432,275,0.0,0,1,0,2,27.8,2,At Risk Customers
CUST0194,1,0,0,1,36,0,1,0,1,0,0,1,1,0,0,1,0,45.62,1672.35,9,3,3,2,176,102,128,22,7580.01,1,45.19864864864864,0.3,72,406,136.86,0,2,2,3,24.200000000000003,1,Loyal Customers
CUST0195,1,0,0,1,49,0,1,0,0,0,0,0,1,1,1,1,3,25.41,1297.53,5,4,2,6,267,90,61,19,1232.54,0,25.9506,0.6666666666666666,294,418,50.82,0,0,0,2,49.400000000000006,3,New Customers
CUST0196,0,0,1,1,56,0,0,1,1,1,0,1,0,1,0,0,1,59.85,3395.05,2,1,7,9,111,63,106,83,8784.29,0,59.56228070175439,0.3333333333333333,504,280,418.95,1,2,0,4,23.200000000000003,1,Loyal Customers
CUST0197,1,0,1,0,56,0,0,2,1,1,0,0,0,0,0,0,1,96.97,5447.25,5,4,7,10,84,57,16,118,12363.49,1,95.5657894736842,0.6666666666666666,560,157,678.79,1,2,0,2,10.799999999999995,2,At Risk Customers
CUST0198,1,1,0,1,11,0,1,2,1,1,1,0,1,0,1,1,2,65.01,717.38,3,5,8,4,114,70,138,96,4250.54,1,59.781666666666666,1.25,44,322,520.08,0,2,1,4,-0.1999999999999993,3,New Customers
CUST0199,0,0,1,1,49,0,1,1,1,1,0,1,0,1,0,1,1,58.86,2911.27,10,2,1,1,159,112,171,49,3851.94,1,58.2254,0.1818181818181818,49,442,58.86,0,2,0,4,25.8,1,Loyal Customers
CUST0200,0,0,1,0,63,0,1,0,1,0,1,1,1,0,0,0,0,21.84,1444.35,5,5,4,4,266,36,20,80,4236.35,1,22.56796875,0.8333333333333334,252,322,87.36,0,0,0,4,38.2,1,Loyal Customers
CUST0201,0,1,1,0,29,0,1,1,0,1,1,0,1,0,0,1,3,117.05,3485.42,5,3,8,3,115,84,40,74,8349.63,1,116.18066666666668,0.5,87,239,936.4,1,2,2,3,4.0,2,At Risk Customers
CUST0202,1,1,1,0,68,0,1,1,1,1,0,1,1,1,0,1,1,96.54,6652.73,6,3,4,8,150,20,53,13,2407.42,1,96.4163768115942,0.4285714285714285,544,223,386.16,0,2,0,5,29.0,2,At Risk Customers
CUST0203,1,1,0,1,30,0,1,2,1,0,1,0,1,0,1,0,0,105.21,3205.44,2,1,3,4,26,53,8,118,4412.95,1,103.40129032258064,0.3333333333333333,120,87,315.63,0,1,2,3,4.199999999999999,2,At Risk Customers
CUST0204,0,0,1,1,9,0,1,1,0,0,0,1,0,0,1,0,2,59.42,628.69,9,4,8,9,29,67,32,57,7125.06,1,62.86900000000001,0.4,81,128,475.36,0,1,1,1,-4.199999999999999,3,New Customers
CUST0205,1,1,1,0,6,0,0,2,1,1,0,0,0,0,1,0,3,36.65,249.34,0,5,8,3,247,107,170,57,1811.39,1,35.62,5.0,18,524,293.2,0,0,1,2,24.40000000000001,3,New Customers
CUST0206,1,0,1,0,53,0,0,1,1,1,0,1,0,1,0,1,1,29.12,1613.98,10,2,1,9,206,94,135,78,14271.43,0,29.88851851851852,0.1818181818181818,477,435,29.12,1,0,0,4,51.2,0,Premium Customers
CUST0207,0,0,0,1,22,0,0,2,1,1,1,1,1,0,0,0,2,82.65,1830.06,2,1,0,10,139,2,122,63,12903.46,0,79.56782608695652,0.3333333333333333,220,263,0.0,1,2,2,5,44.8,0,Premium Customers
CUST0208,1,0,0,1,28,0,0,1,0,0,1,1,1,0,1,1,1,38.48,1082.95,5,0,2,1,162,43,27,6,2078.87,0,37.34310344827586,0.0,28,232,76.96,0,2,2,3,30.4,3,New Customers
CUST0209,1,0,0,1,59,0,0,0,1,0,0,0,0,1,1,1,2,67.08,3969.92,4,2,8,7,278,27,58,78,1343.68,0,66.16533333333334,0.4,413,363,536.64,0,0,0,2,47.6,3,New Customers
CUST0210,1,0,0,0,41,0,0,2,0,1,0,0,0,1,2,1,2,117.93,4835.29,0,3,1,4,222,53,16,42,5569.93,0,115.12595238095238,3.0,164,291,117.93,0,0,0,2,41.400000000000006,2,At Risk Customers
CUST0211,1,0,1,0,33,0,1,1,0,0,1,1,0,0,0,1,0,39.4,1383.58,10,3,7,1,79,62,44,80,7178.96,1,40.6935294117647,0.2727272727272727,33,185,275.8,0,1,2,2,-5.199999999999999,1,Loyal Customers
CUST0212,0,0,0,1,67,0,0,2,0,1,1,0,0,1,2,0,1,53.92,3650.16,8,1,6,3,69,111,83,90,12938.38,1,53.678823529411765,0.1111111111111111,201,263,323.52,1,1,0,3,4.800000000000001,1,Loyal Customers
CUST0213,1,0,0,1,64,0,1,1,0,0,1,0,1,1,0,1,0,111.34,7170.14,0,3,8,3,107,44,128,93,13171.25,1,110.30984615384617,3.0,192,279,890.72,1,2,0,3,2.400000000000002,2,At Risk Customers
CUST0214,0,1,0,1,13,0,1,0,1,0,0,1,1,0,2,1,2,66.69,871.58,8,5,4,1,169,82,58,41,3408.05,1,62.25571428571429,0.5555555555555556,13,309,266.76,0,2,2,3,12.800000000000004,3,New Customers
CUST0215,0,0,0,0,16,0,0,0,1,0,1,1,1,1,0,0,2,34.16,617.0,4,4,3,3,46,40,161,114,5411.71,1,36.294117647058826,0.8,48,247,102.48,0,1,2,5,-2.799999999999999,1,Loyal Customers
CUST0216,0,0,1,1,61,0,1,0,0,1,1,0,0,1,1,0,2,51.24,3207.38,10,4,1,8,300,17,28,104,12134.08,0,51.73193548387097,0.3636363636363636,488,345,51.24,1,0,0,3,62.0,0,Premium Customers
CUST0217,0,0,0,0,60,0,0,0,1,1,0,0,0,1,1,0,2,65.33,3922.83,7,0,5,8,246,109,48,36,11635.15,0,64.30868852459017,0.0,480,403,326.65,1,0,0,3,55.2,0,Premium Customers
CUST0218,1,0,1,0,14,0,0,2,1,0,0,0,0,1,1,1,3,58.38,851.39,9,3,6,10,185,70,65,22,10107.88,0,56.75933333333333,0.3,140,320,350.28000000000003,1,0,2,2,36.0,0,Premium Customers
CUST0219,1,1,0,1,60,0,0,2,1,0,1,0,0,1,1,0,2,69.43,4231.82,1,1,2,10,10,97,42,84,2663.64,0,69.37409836065574,0.5,600,149,138.86,0,1,0,3,15.0,2,At Risk Customers
CUST0220,0,0,0,1,27,0,0,1,0,0,0,1,1,0,2,0,1,56.92,1591.73,0,0,8,6,66,111,77,110,952.18,0,56.8475,0.0,162,254,455.36,0,1,2,2,9.200000000000005,3,New Customers
CUST0221,0,1,0,0,49,0,0,1,0,1,1,0,1,1,1,0,3,35.43,1835.82,10,1,2,1,46,83,9,18,10959.42,0,36.7164,0.0909090909090909,49,138,70.86,1,1,0,4,4.200000000000001,1,Loyal Customers
CUST0222,0,1,0,1,11,0,1,2,0,0,0,1,0,0,1,0,3,55.53,629.41,9,0,7,4,266,35,110,118,8419.41,1,52.45083333333333,0.0,44,411,388.71,1,0,1,1,47.2,3,New Customers
CUST0223,0,0,1,0,48,0,1,2,0,1,1,0,0,1,0,1,0,67.25,3302.17,10,0,8,10,169,79,18,115,5481.42,1,67.39122448979592,0.0,480,266,538.0,0,2,0,3,37.8,0,Premium Customers
CUST0224,1,0,0,0,43,0,0,1,0,0,1,1,0,0,0,0,0,77.29,3389.1,4,5,0,5,258,11,37,64,1614.5,1,77.02499999999999,1.0,215,306,0.0,0,0,0,2,46.6,3,New Customers
CUST0225,0,0,1,0,36,0,0,0,1,1,1,0,0,1,0,1,3,38.08,1423.62,0,2,1,3,88,108,131,96,14906.99,1,38.476216216216216,2.0,108,327,38.08,1,2,2,4,15.6,1,Loyal Customers
CUST0226,0,0,0,1,27,0,0,0,0,1,1,1,0,0,0,0,0,57.98,1636.02,7,2,2,9,232,2,78,118,12060.98,0,58.42928571428571,0.25,243,312,115.96,1,0,2,3,54.400000000000006,0,Premium Customers
CUST0227,0,1,0,1,13,0,0,1,0,0,0,0,1,0,1,0,3,97.32,1340.07,10,4,3,9,182,87,51,40,8440.38,0,95.7192857142857,0.3636363636363636,117,320,291.96,1,0,2,1,36.4,0,Premium Customers
CUST0228,1,1,1,1,53,0,1,2,1,0,0,1,0,0,0,1,1,25.69,1420.98,3,4,1,2,54,110,159,16,5951.4,1,26.314444444444444,1.0,106,323,25.69,0,1,0,2,0.8000000000000007,1,Loyal Customers
CUST0229,1,1,1,1,33,0,0,1,1,0,0,0,0,0,0,1,2,97.71,3262.71,5,0,4,5,101,57,22,62,14701.62,1,95.96205882352942,0.0,165,180,390.84,1,2,2,1,22.200000000000003,2,At Risk Customers
CUST0230,1,0,0,1,63,0,1,0,0,1,1,0,0,1,0,1,2,97.72,6158.24,7,1,0,1,209,35,43,89,5282.55,1,96.2225,0.125,63,287,0.0,0,0,0,3,40.8,2,At Risk Customers
CUST0231,0,0,1,0,62,0,0,1,1,1,1,0,0,1,1,0,2,88.18,5507.22,10,5,1,6,283,110,92,10,12697.13,0,87.41619047619048,0.4545454545454545,372,485,88.18,1,0,0,4,51.6,0,Premium Customers
CUST0232,0,0,1,1,71,0,1,1,1,0,0,1,0,0,0,0,0,33.99,2432.6,9,1,7,7,42,102,143,82,4962.1,1,33.78611111111111,0.1,497,287,237.93,0,1,0,2,5.399999999999999,1,Loyal Customers
CUST0233,0,0,1,0,8,0,0,2,1,0,1,1,0,1,1,1,1,23.69,203.68,10,0,7,10,33,32,171,16,708.3,1,22.63111111111111,0.0,80,236,165.83,0,1,1,4,12.6,3,New Customers
CUST0234,1,1,0,1,59,0,1,2,1,1,1,0,1,1,2,0,2,101.15,6066.07,10,3,5,2,289,18,87,107,14488.04,1,101.10116666666666,0.2727272727272727,118,394,505.75,1,0,0,5,42.8,0,Premium Customers
CUST0235,1,1,1,1,43,0,1,0,0,1,0,1,0,1,0,1,0,30.0,1374.74,9,3,2,1,259,11,6,0,3101.49,1,31.24409090909091,0.3,43,276,60.0,0,0,0,3,40.8,3,New Customers
CUST0236,1,1,0,0,61,0,1,0,1,0,0,0,1,1,1,1,0,91.72,5656.12,1,5,4,6,224,1,147,30,3282.59,0,91.22774193548386,2.5,366,372,366.88,0,0,0,3,33.800000000000004,2,At Risk Customers
CUST0237,1,0,0,1,60,0,1,1,1,1,1,1,0,0,0,1,1,84.49,5097.91,6,2,5,10,242,6,31,94,1260.62,1,83.57229508196721,0.2857142857142857,600,279,422.45,0,0,0,4,52.400000000000006,0,Premium Customers
CUST0238,1,0,1,0,66,0,1,0,1,0,0,0,1,0,0,1,2,42.78,2847.19,6,1,6,4,47,61,154,62,1287.92,1,42.49537313432836,0.1428571428571428,264,262,256.68,0,1,0,2,2.3999999999999986,1,Loyal Customers
CUST0239,0,0,1,0,23,0,0,1,1,0,1,0,0,1,0,1,1,48.06,1116.49,7,3,6,3,185,29,80,77,2773.43,1,46.52041666666667,0.375,69,294,288.36,0,0,2,3,22.0,3,New Customers
CUST0240,1,0,1,1,53,0,0,0,0,0,0,1,0,1,0,0,0,109.18,5845.72,2,4,0,7,32,6,125,93,11644.79,1,108.25407407407408,1.3333333333333333,371,163,0.0,1,1,0,2,8.399999999999999,2,At Risk Customers
CUST0241,1,0,0,0,13,0,0,1,1,1,1,0,1,1,0,1,1,21.59,347.57,2,5,7,10,22,59,123,98,2510.05,1,24.82642857142857,1.6666666666666667,130,204,151.13,0,1,2,5,-4.600000000000001,3,New Customers
CUST0242,0,0,0,0,1,0,1,1,0,1,0,0,0,1,1,1,2,93.58,99.06,10,2,0,2,206,47,124,79,1092.68,1,49.53,0.1818181818181818,2,377,0.0,0,0,1,2,39.2,3,New Customers
CUST0243,0,0,1,1,18,0,0,0,1,0,1,1,0,0,2,0,2,25.45,495.38,7,3,8,9,72,61,141,86,12468.0,1,26.07263157894737,0.375,162,274,203.6,1,1,2,3,7.399999999999999,1,Loyal Customers
CUST0244,0,0,0,1,25,0,0,0,1,0,1,0,1,1,0,1,0,69.63,1828.25,8,5,0,5,223,88,143,119,2414.4,1,70.3173076923077,0.5555555555555556,125,454,0.0,0,0,2,4,39.6,3,New Customers
CUST0245,0,0,0,1,38,0,1,0,1,1,0,0,0,0,0,0,3,50.41,1928.78,4,1,4,4,257,48,78,98,12759.95,1,49.45589743589744,0.2,152,383,201.64,1,0,0,2,48.400000000000006,0,Premium Customers
CUST0246,1,0,0,0,22,0,1,2,0,1,1,1,1,1,0,0,0,64.09,1446.95,3,4,0,6,186,19,100,57,8328.07,0,62.9108695652174,1.0,132,305,0.0,1,0,2,5,37.2,3,New Customers
CUST0247,1,0,0,1,4,0,0,1,1,0,0,1,1,0,1,0,3,109.6,535.36,9,5,2,10,236,44,33,93,7445.23,1,107.072,0.5,40,313,219.2,0,0,1,3,48.2,0,Premium Customers
CUST0248,1,0,1,0,4,0,0,2,1,0,0,1,0,1,1,1,0,98.13,469.23,3,0,1,9,238,87,176,11,14649.67,0,93.846,0.0,36,501,98.13,1,0,1,3,63.6,0,Premium Customers
CUST0249,0,0,0,0,66,0,1,2,0,0,1,0,0,0,0,0,2,55.14,3736.99,8,0,3,8,222,103,118,36,2874.96,0,55.77597014925373,0.0,528,443,165.42000000000002,0,0,0,1,54.400000000000006,0,Premium Customers
CUST0250,0,1,0,1,12,0,1,0,0,0,0,1,0,1,0,0,3,37.49,496.09,9,1,3,3,205,38,146,62,1112.38,1,38.160769230769226,0.1,36,389,112.47,0,0,1,2,38.0,3,New Customers
CUST0251,0,1,0,0,72,0,0,0,1,1,1,0,0,0,0,0,3,37.94,2822.36,10,1,0,2,151,64,22,76,11310.7,1,38.66246575342466,0.0909090909090909,144,237,0.0,1,2,0,3,31.200000000000003,1,Loyal Customers
CUST0252,0,0,0,0,61,0,1,1,1,0,1,1,1,0,0,1,2,36.33,2243.4,6,5,5,1,158,38,140,81,14076.6,1,36.18387096774194,0.7142857142857143,61,336,181.65,1,2,0,4,8.600000000000001,1,Loyal Customers
CUST0253,1,1,1,1,22,0,0,1,0,0,0,1,0,1,0,0,2,97.88,2194.56,2,0,3,3,267,29,53,101,13507.32,1,95.41565217391305,0.0,66,349,293.64,1,0,2,2,53.400000000000006,0,Premium Customers
CUST0254,1,0,0,1,15,0,1,0,0,0,0,0,1,0,2,0,0,90.99,1367.73,1,1,2,3,126,40,37,26,2388.16,0,85.483125,0.5,45,203,181.98,0,2,2,1,24.200000000000003,3,New Customers
CUST0255,1,0,1,1,3,0,0,1,1,1,1,1,1,0,0,0,1,26.62,146.62,1,0,3,10,112,24,176,44,924.26,0,36.655,0.0,30,312,79.86,0,2,1,5,36.400000000000006,3,New Customers
CUST0256,1,1,0,0,46,0,1,2,1,1,1,1,1,1,2,1,1,117.36,5408.43,3,4,7,6,104,57,177,13,3122.3,0,115.07297872340426,1.0,276,338,821.52,0,2,0,6,6.799999999999997,2,At Risk Customers
CUST0257,0,0,0,1,66,0,1,1,1,0,1,0,1,1,0,0,2,75.71,5000.92,5,3,1,7,155,59,158,94,5024.1,1,74.64059701492538,0.5,462,372,75.71,0,2,0,4,34.0,2,At Risk Customers
CUST0258,0,0,0,0,55,0,1,0,0,0,1,1,0,1,0,1,1,34.34,1928.76,9,0,2,2,196,26,91,25,9126.93,1,34.442142857142855,0.0,110,313,68.68,1,0,0,3,39.2,1,Loyal Customers
CUST0259,0,0,1,0,64,0,0,2,0,0,0,0,0,0,0,1,3,30.8,1996.27,7,1,2,1,60,95,18,106,1489.32,1,30.711846153846157,0.125,64,173,61.6,0,1,0,0,7.0,1,Loyal Customers
CUST0260,1,0,0,0,20,0,0,2,1,1,0,0,1,0,1,0,2,74.24,1565.75,8,4,0,1,230,113,35,49,7026.68,1,74.55952380952381,0.4444444444444444,20,378,0.0,0,0,2,3,36.0,3,New Customers
CUST0261,0,0,0,1,5,0,1,2,0,1,0,0,1,0,1,0,1,76.89,433.51,8,5,8,10,250,61,148,109,2766.51,1,72.25166666666667,0.5555555555555556,50,459,615.12,0,0,1,2,39.0,3,New Customers
CUST0262,1,0,0,0,49,0,0,1,0,1,1,1,1,0,0,1,2,58.06,2887.75,5,3,5,1,135,32,65,82,5025.44,1,57.755,0.5,49,232,290.3,0,2,0,4,10.0,1,Loyal Customers
CUST0263,1,1,1,0,15,0,0,0,1,0,1,0,0,0,0,0,1,118.58,1816.47,6,2,1,8,61,89,177,26,5371.53,0,113.529375,0.2857142857142857,120,327,118.58,0,1,2,2,20.200000000000003,2,At Risk Customers
CUST0264,0,0,0,0,56,0,1,1,1,1,0,0,1,0,2,0,0,82.46,4713.55,9,0,5,5,44,73,140,60,6693.04,0,82.69385964912281,0.0,280,257,412.3,0,1,0,3,8.8,2,At Risk Customers
CUST0265,0,1,1,0,65,0,0,1,0,1,0,0,0,0,1,1,1,82.78,5432.32,2,4,7,4,249,35,168,68,12229.54,1,82.30787878787878,1.3333333333333333,260,452,579.46,1,0,0,1,31.800000000000004,0,Premium Customers
CUST0266,0,0,1,1,47,0,0,0,1,1,0,0,0,0,2,1,0,104.6,4942.89,4,5,2,5,130,52,66,14,2674.45,0,102.976875,1.0,235,248,209.2,0,2,0,2,17.0,2,At Risk Customers
CUST0267,1,0,0,0,63,0,0,1,1,1,1,0,1,1,0,0,0,84.43,5323.31,7,0,0,2,170,78,81,110,1421.93,1,83.17671875,0.0,126,329,0.0,0,2,0,5,38.0,2,At Risk Customers
CUST0268,0,1,0,1,51,0,1,0,1,1,0,0,1,1,1,0,2,103.23,5338.45,3,3,3,3,64,23,59,35,6872.39,0,102.6625,0.75,153,146,309.69,0,1,0,4,3.8000000000000007,2,At Risk Customers
CUST0269,0,1,1,0,69,0,0,2,1,0,0,0,1,0,2,1,2,67.52,4695.65,4,0,0,1,132,33,146,49,4984.39,0,67.08071428571428,0.0,69,311,0.0,0,2,0,2,28.4,1,Loyal Customers
CUST0270,0,1,1,1,57,0,0,0,0,0,0,1,1,0,0,1,3,83.14,4826.93,10,3,0,5,51,106,130,60,11185.66,1,83.22293103448277,0.2727272727272727,285,287,0.0,1,1,0,2,11.200000000000005,2,At Risk Customers
CUST0271,0,1,0,1,21,0,0,2,1,0,0,0,0,1,1,1,3,99.1,2094.71,6,1,4,6,52,15,45,31,7987.31,0,95.21409090909091,0.1428571428571428,126,112,396.4,0,1,2,2,11.4,2,At Risk Customers
CUST0272,1,1,0,0,58,0,0,2,1,0,1,0,0,1,0,0,0,59.35,3480.03,9,1,0,1,295,83,161,80,3816.26,1,58.98355932203391,0.1,58,539,0.0,0,0,0,3,58.0,3,New Customers
CUST0273,1,0,1,0,22,0,1,1,0,0,1,1,0,1,2,1,1,91.86,2064.44,7,5,7,2,124,92,57,24,14217.76,1,89.75826086956522,0.625,44,273,643.02,1,2,2,3,-0.1999999999999993,2,At Risk Customers
CUST0274,0,0,0,0,17,0,0,0,1,0,1,0,1,0,1,1,2,117.61,2022.92,7,1,5,10,244,11,7,60,2431.47,0,112.38444444444444,0.125,170,262,588.05,0,0,2,3,55.80000000000001,3,New Customers
CUST0275,0,1,0,1,50,0,0,2,0,1,1,1,1,0,2,0,2,119.67,6077.43,9,5,0,1,139,65,163,48,4886.36,1,119.16529411764706,0.5,50,367,0.0,0,2,0,4,14.8,2,At Risk Customers
CUST0276,0,1,0,1,72,0,1,2,1,0,1,0,0,0,0,0,3,34.18,2472.64,0,1,7,5,194,119,115,36,13590.49,0,33.87178082191781,1.0,360,428,239.26,1,0,0,2,31.800000000000004,1,Loyal Customers
CUST0277,0,0,0,0,56,0,1,1,0,1,0,1,1,1,0,1,1,67.02,3769.48,7,3,1,8,30,57,96,90,8632.39,1,66.13122807017544,0.375,448,183,67.02,1,1,0,4,11.0,2,At Risk Customers
CUST0278,0,0,1,1,16,0,0,0,1,0,1,1,0,1,1,1,0,61.64,993.92,7,5,1,6,23,37,179,87,2268.87,1,58.46588235294117,0.625,96,239,61.64,0,1,2,4,-0.3999999999999986,3,New Customers
CUST0279,0,0,1,0,20,0,1,0,0,0,0,0,1,0,2,0,2,114.74,2394.78,9,1,3,1,154,42,19,95,1525.5,1,114.03714285714288,0.1,20,215,344.22,0,2,2,1,23.8,2,At Risk Customers
CUST0280,0,0,0,0,23,0,1,1,1,1,1,1,0,0,0,1,1,49.85,1226.66,4,5,2,6,59,107,99,65,3398.13,1,51.11083333333334,1.0,138,265,99.7,0,1,2,4,4.800000000000001,3,New Customers
CUST0281,0,1,0,0,35,0,0,0,0,0,1,0,0,1,0,0,3,87.64,3132.16,2,3,8,9,52,38,124,55,1648.16,1,87.00444444444445,1.0,315,214,701.12,0,1,2,2,3.3999999999999986,2,At Risk Customers
CUST0282,0,0,1,1,39,0,1,2,0,0,1,1,1,1,0,0,1,66.47,2664.36,4,2,4,10,51,99,133,2,2152.06,0,66.60900000000001,0.4,390,283,265.88,0,1,0,4,16.200000000000003,2,At Risk Customers
CUST0283,0,0,1,0,6,0,1,1,0,0,0,0,0,0,2,1,0,38.51,305.76,9,2,1,7,283,3,6,50,2191.83,0,43.68,0.2,42,292,38.51,0,0,1,0,62.6,3,New Customers
CUST0284,1,0,0,0,52,0,0,1,0,0,0,1,1,1,0,1,1,89.6,4678.02,0,1,7,3,133,56,165,109,11955.17,1,88.2645283018868,1.0,156,354,627.1999999999999,1,2,0,3,15.6,2,At Risk Customers
CUST0285,1,0,0,0,19,0,0,1,1,1,1,1,0,0,0,0,0,40.13,819.41,6,0,5,1,62,81,115,53,12804.94,1,40.9705,0.0,19,258,200.65,1,1,2,4,4.4,1,Loyal Customers
CUST0286,0,0,0,0,63,0,0,0,1,1,0,0,1,0,2,0,3,31.69,2058.74,10,2,7,7,20,21,78,92,3286.92,0,32.1678125,0.1818181818181818,441,119,221.83,0,1,0,3,-2.0,1,Loyal Customers
CUST0287,0,0,1,1,44,0,0,0,0,0,0,0,0,1,1,0,1,86.71,3828.15,3,1,7,2,222,64,82,30,3536.78,0,85.07000000000001,0.25,88,368,606.9699999999999,0,0,0,1,31.40000000000001,3,New Customers
CUST0288,1,0,0,0,46,0,1,0,1,1,0,0,1,1,0,1,3,45.78,2139.91,5,0,8,5,87,110,136,77,10207.55,0,45.53,0.0,230,333,366.24,1,2,0,4,11.400000000000002,1,Loyal Customers
CUST0289,1,0,0,1,14,0,1,2,1,1,1,1,1,0,0,0,3,96.2,1396.64,1,1,5,6,80,16,56,56,14559.73,0,93.10933333333334,0.5,84,152,481.0,1,1,2,5,15.0,2,At Risk Customers
CUST0290,1,0,0,0,37,0,1,0,0,0,0,0,1,1,1,0,0,33.8,1293.48,6,3,8,6,25,57,42,98,644.26,1,34.038947368421056,0.4285714285714285,222,124,270.4,0,1,0,2,-8.0,1,Loyal Customers
CUST0291,1,0,0,0,52,0,1,1,1,0,1,1,1,0,0,0,2,110.92,5768.63,4,4,2,7,238,83,57,113,8394.17,1,108.84207547169812,0.8,364,378,221.84,1,0,0,4,45.6,0,Premium Customers
CUST0292,0,1,0,0,26,0,0,0,1,0,0,1,0,1,0,0,2,95.7,2504.2,0,4,4,4,165,93,113,64,2101.41,1,92.74814814814816,4.0,104,371,382.8,0,2,2,3,21.0,3,New Customers
CUST0293,1,1,0,0,65,0,0,0,1,1,0,0,1,0,0,1,0,55.03,3605.4,9,5,2,7,276,95,68,13,5253.78,1,54.627272727272725,0.5,455,439,110.06,0,0,0,3,50.2,0,Premium Customers
CUST0294,1,1,0,0,13,0,1,2,0,0,1,1,1,0,2,0,0,64.62,876.99,8,3,8,9,212,112,72,74,7733.0,1,62.64214285714286,0.3333333333333333,117,396,516.96,0,0,2,3,35.400000000000006,3,New Customers
CUST0295,0,0,0,0,21,0,1,2,1,0,0,1,1,1,0,1,0,114.41,2439.54,1,4,6,2,71,48,151,37,1084.09,1,110.88818181818182,2.0,42,270,686.46,0,1,2,4,-5.799999999999997,2,At Risk Customers
CUST0296,1,0,0,0,48,0,0,1,0,1,1,1,0,1,2,0,2,41.56,2076.79,7,0,1,9,188,9,16,53,7477.06,0,42.3834693877551,0.0,432,213,41.56,0,0,0,4,53.6,0,Premium Customers
CUST0297,0,0,0,0,49,0,0,2,1,1,0,0,0,1,2,0,1,99.98,4965.47,6,3,3,7,183,70,16,85,13405.63,0,99.3094,0.4285714285714285,343,269,299.94,1,0,0,3,35.6,0,Premium Customers
CUST0298,0,0,1,1,4,0,0,2,1,1,1,1,1,0,0,1,1,85.83,396.51,0,2,3,4,237,11,141,77,5146.25,1,79.30199999999999,2.0,16,389,257.49,0,0,1,5,43.400000000000006,3,New Customers
CUST0299,1,0,1,0,56,0,1,1,1,0,0,0,1,1,2,1,2,34.4,1951.96,1,1,4,7,96,8,162,41,3131.14,0,34.244912280701755,0.5,392,266,137.6,0,2,0,3,22.200000000000003,1,Loyal Customers
CUST0300,1,0,0,1,41,0,1,1,0,0,0,1,1,1,0,1,3,70.86,2955.7,1,2,0,6,247,71,109,8,7520.49,0,70.37380952380951,1.0,246,427,0.0,0,0,0,3,55.400000000000006,0,Premium Customers
CUST0301,0,0,1,1,35,0,1,0,1,0,0,0,1,1,1,1,2,74.04,2608.22,3,4,6,9,241,6,5,104,7237.45,0,72.45055555555555,1.0,315,252,444.24,0,0,2,3,42.2,0,Premium Customers
CUST0302,0,0,1,1,8,0,0,1,0,0,0,1,0,1,0,1,2,28.97,301.6,2,5,8,5,231,27,161,64,14382.55,1,33.51111111111111,1.6666666666666667,40,419,231.76,1,0,1,2,25.200000000000003,0,Premium Customers
CUST0303,0,1,0,0,58,0,0,0,0,0,1,0,0,1,2,1,1,80.88,4691.47,0,5,2,7,294,115,130,97,6195.47,0,79.5164406779661,5.0,406,539,161.76,0,0,0,2,53.80000000000001,0,Premium Customers
CUST0304,1,1,1,1,57,0,1,1,0,0,0,1,1,1,0,1,3,20.94,1267.89,4,5,5,4,56,105,162,80,4896.09,1,21.860172413793105,1.0,228,323,104.7,0,1,0,3,-5.799999999999997,1,Loyal Customers
CUST0305,1,0,0,0,5,0,0,1,1,1,1,0,1,0,1,0,0,75.18,441.88,9,5,2,2,75,96,21,16,4264.55,1,73.64666666666666,0.5,10,192,150.36,0,1,1,4,0.0,3,New Customers
CUST0306,1,1,0,1,3,0,0,2,0,1,0,1,0,0,2,0,2,32.17,148.34,7,2,8,1,124,7,76,117,6590.9,1,37.085,0.25,3,207,257.36,0,2,1,2,4.800000000000001,3,New Customers
CUST0307,0,0,1,0,25,0,0,0,1,1,0,1,1,1,0,0,1,82.6,2074.67,7,3,0,10,181,108,69,31,2063.69,1,79.795,0.375,250,358,0.0,0,0,2,5,47.2,3,New Customers
CUST0308,1,0,1,0,67,0,1,0,0,1,0,1,1,1,2,0,2,109.01,7373.01,2,0,7,1,164,79,165,55,1453.96,0,108.42661764705883,0.0,67,408,763.07,0,2,0,4,20.800000000000004,2,At Risk Customers
CUST0309,1,0,1,0,49,0,0,0,0,1,1,0,0,0,1,1,2,85.09,4236.99,0,3,8,6,108,14,31,1,9130.04,0,84.7398,3.0,294,153,680.72,1,2,0,2,8.600000000000001,2,At Risk Customers
CUST0310,1,0,1,1,66,0,0,1,0,0,0,1,1,1,1,1,0,51.17,3420.8,10,2,4,10,287,100,42,18,7308.09,0,51.05671641791045,0.1818181818181818,660,429,204.68,0,0,0,3,63.400000000000006,0,Premium Customers
CUST0311,0,0,0,1,67,0,1,0,1,1,0,0,1,1,1,1,1,54.16,3695.51,7,4,5,10,299,43,162,38,6571.08,0,54.34573529411765,0.5,670,504,270.79999999999995,0,0,0,4,57.80000000000001,0,Premium Customers
CUST0312,1,0,0,1,64,0,1,0,1,1,0,1,1,0,1,0,3,40.53,2612.34,0,2,0,2,193,4,147,14,2564.83,0,40.18984615384616,2.0,128,344,0.0,0,0,0,4,36.6,1,Loyal Customers
CUST0313,0,0,0,1,4,0,1,0,0,1,1,0,1,0,2,1,0,39.6,176.01,4,0,0,3,204,84,33,43,14073.65,0,35.202,0.0,12,321,0.0,1,0,1,3,46.8,3,New Customers
CUST0314,0,0,1,0,48,0,1,2,0,1,1,1,1,1,0,0,2,51.8,2529.35,10,1,0,10,106,110,142,37,11949.02,0,51.61938775510204,0.0909090909090909,480,358,0.0,1,2,0,5,38.2,0,Premium Customers
CUST0315,0,0,1,0,17,0,0,0,1,0,1,1,0,0,0,0,0,52.18,924.45,7,5,7,8,147,75,107,81,13857.19,1,51.35833333333333,0.625,136,329,365.26,1,2,2,3,16.400000000000006,0,Premium Customers
CUST0316,1,0,1,1,58,0,1,1,1,0,0,0,1,0,0,1,0,95.16,5548.78,8,2,3,10,31,60,136,79,5377.42,1,94.0471186440678,0.2222222222222222,580,227,285.48,0,1,0,2,14.2,2,At Risk Customers
CUST0317,0,0,0,0,48,0,0,1,0,0,1,1,0,1,0,1,2,110.15,5316.65,8,4,8,2,151,119,63,12,2219.52,1,108.50306122448978,0.4444444444444444,96,333,881.2,0,2,0,3,6.200000000000003,2,At Risk Customers
CUST0318,0,0,1,0,26,0,0,1,0,0,1,1,0,1,1,0,2,98.31,2596.44,6,4,0,8,272,98,43,110,6263.83,0,96.16444444444444,0.5714285714285714,208,413,0.0,0,0,2,3,58.400000000000006,0,Premium Customers
CUST0319,1,1,1,0,30,0,0,2,0,0,1,0,1,0,1,0,0,63.87,2001.39,0,2,2,10,75,40,7,63,12250.82,0,64.56096774193549,2.0,300,122,127.74,1,1,2,2,25.0,0,Premium Customers
CUST0320,0,0,1,0,55,0,0,2,0,0,1,1,1,1,2,0,3,118.02,6511.52,6,0,8,7,106,61,32,42,8757.97,0,116.27714285714286,0.0,385,199,944.16,1,2,0,4,19.200000000000003,2,At Risk Customers
CUST0321,0,0,0,1,22,0,1,2,1,1,0,1,1,1,0,0,2,40.59,922.09,8,0,7,1,198,67,7,21,5238.2,1,40.0908695652174,0.0,22,272,284.13,0,0,2,5,27.6,3,New Customers
CUST0322,0,0,1,1,17,0,0,1,1,0,1,1,1,0,0,0,0,80.37,1460.21,9,1,8,8,151,26,6,18,6963.11,0,81.12277777777778,0.1,136,183,642.96,0,2,2,4,27.200000000000003,3,New Customers
CUST0323,0,0,1,0,63,0,0,1,1,1,0,0,0,0,0,1,3,44.91,2919.33,6,3,6,3,58,51,16,30,13340.36,1,45.61453125,0.4285714285714285,189,125,269.46,1,1,0,2,-3.3999999999999986,1,Loyal Customers
CUST0324,1,0,0,1,28,0,0,1,1,0,1,1,0,0,0,0,0,70.61,2023.3,1,5,7,7,185,96,107,109,3318.85,1,69.76896551724138,2.5,196,388,494.27,0,0,2,3,22.0,3,New Customers
CUST0325,1,0,0,1,18,0,0,2,0,0,0,1,1,1,1,0,0,67.08,1235.35,2,1,0,10,61,23,80,15,8252.48,0,65.01842105263158,0.3333333333333333,180,164,0.0,1,1,2,3,29.200000000000003,2,At Risk Customers
CUST0326,0,0,1,1,35,0,1,1,0,1,1,1,1,0,1,1,3,89.03,3160.45,9,0,0,7,113,119,68,47,13676.97,0,87.79027777777777,0.0,245,300,0.0,1,2,2,4,36.6,0,Premium Customers
CUST0327,1,0,1,0,4,0,1,1,1,1,1,1,1,1,0,1,2,52.27,271.76,9,1,8,7,229,16,64,27,2035.34,1,54.352,0.1,28,309,418.16,0,0,1,6,40.8,3,New Customers
CUST0328,0,0,1,0,41,0,1,1,1,0,1,1,0,0,0,1,3,50.15,2116.04,1,5,8,10,97,33,29,76,5203.14,1,50.38190476190477,2.5,410,159,401.2,0,2,0,3,8.400000000000006,3,New Customers
CUST0329,0,1,1,0,23,0,0,2,0,1,0,1,0,0,0,1,1,43.26,1056.61,1,2,3,7,134,80,25,7,2494.55,0,44.025416666666665,1.0,161,239,129.78,0,2,2,2,28.8,3,New Customers
CUST0330,0,0,1,1,49,0,1,2,1,1,0,0,1,0,0,1,3,84.8,4184.05,0,1,5,6,134,27,143,6,13646.16,0,83.681,1.0,294,304,424.0,1,2,0,3,25.8,0,Premium Customers
CUST0331,1,1,1,0,67,0,0,0,0,1,1,0,1,1,0,1,0,32.56,2198.89,8,1,3,9,50,55,124,39,2880.3,0,32.33661764705882,0.1111111111111111,603,229,97.68,0,1,0,4,19.0,1,Loyal Customers
CUST0332,1,0,0,1,32,0,0,1,0,1,0,0,1,0,0,1,3,64.14,2103.01,6,1,7,1,205,55,26,97,13643.63,1,63.72757575757576,0.1428571428571428,32,286,448.98,1,0,2,2,26.0,0,Premium Customers
CUST0333,0,0,1,1,33,0,0,1,0,0,0,0,0,1,0,0,0,35.47,1189.47,0,4,5,8,217,119,111,120,6222.42,1,34.98441176470588,4.0,264,447,177.35,0,0,2,1,37.400000000000006,3,New Customers
CUST0334,0,0,0,0,10,0,0,0,1,0,1,1,0,0,1,0,3,83.5,871.82,0,5,6,7,136,32,127,4,13861.29,0,79.25636363636364,5.0,70,295,501.0,1,2,1,3,14.200000000000005,0,Premium Customers
CUST0335,0,0,1,1,34,0,0,2,1,0,1,1,1,1,1,0,3,90.61,3178.15,1,4,3,7,94,107,114,32,10531.63,0,90.80428571428573,2.0,238,315,271.83,1,2,2,5,14.799999999999995,2,At Risk Customers
CUST0336,0,0,0,0,12,0,1,2,0,1,0,1,0,0,0,1,3,20.16,248.9,6,4,6,5,230,22,50,47,3202.8,1,19.146153846153847,0.5714285714285714,60,302,120.96,0,0,1,2,32.0,3,New Customers
CUST0337,1,0,0,1,65,0,1,1,1,1,1,1,1,1,0,0,3,82.68,5436.64,10,1,1,5,53,49,36,35,1431.81,0,82.37333333333333,0.0909090909090909,325,138,82.68,0,1,0,6,15.6,2,At Risk Customers
CUST0338,1,0,1,0,63,0,1,0,1,0,1,1,1,1,0,1,3,80.3,5157.59,4,3,7,6,229,44,99,87,13407.21,1,80.58734375,0.6,378,372,562.1,1,0,0,5,34.800000000000004,0,Premium Customers
CUST0339,0,1,1,0,52,0,0,2,1,0,0,1,1,0,2,0,0,22.57,1185.93,8,2,3,6,241,80,180,84,13112.87,0,22.376037735849057,0.2222222222222222,312,501,67.71000000000001,1,0,0,3,48.2,0,Premium Customers
CUST0340,0,1,1,1,42,0,1,2,0,1,0,0,1,0,0,1,2,62.79,2730.33,7,5,1,7,160,78,54,91,2575.84,1,63.4960465116279,0.625,294,292,62.79,0,2,0,2,29.0,3,New Customers
CUST0341,1,0,0,1,39,0,0,0,0,1,0,1,1,1,0,1,1,63.49,2547.69,2,2,6,5,122,93,70,85,7406.38,0,63.69225,0.6666666666666666,195,285,380.94,0,2,0,4,16.400000000000006,1,Loyal Customers
CUST0342,1,1,1,0,12,0,0,0,1,0,0,0,0,1,0,1,2,28.77,354.15,9,1,1,10,198,17,85,48,8865.29,0,27.24230769230769,0.1,120,300,28.77,1,0,1,2,54.6,3,New Customers
CUST0343,1,0,1,1,50,0,0,1,0,1,1,1,0,1,0,0,2,34.47,1817.79,3,3,7,3,155,19,175,108,12118.73,1,35.642941176470586,0.75,150,349,241.29,1,2,0,4,14.0,1,Loyal Customers
CUST0344,1,0,0,0,65,0,1,1,0,1,0,0,0,1,2,0,0,102.79,6702.41,3,5,0,3,259,94,105,38,14773.65,0,101.55166666666666,1.25,195,458,0.0,1,0,0,2,42.8,0,Premium Customers
CUST0345,1,0,0,0,55,0,0,1,0,0,1,0,0,1,1,0,1,33.09,1895.18,9,0,4,8,93,74,40,56,10591.36,0,33.8425,0.0,440,207,132.36,1,2,0,2,26.6,1,Loyal Customers
CUST0346,0,1,1,1,28,0,1,2,1,0,1,1,0,0,1,1,1,29.6,926.22,2,0,1,9,183,76,116,19,9591.1,0,31.93862068965517,0.0,252,375,29.6,1,0,2,3,52.6,0,Premium Customers
CUST0347,0,0,1,1,31,0,0,1,0,1,0,1,0,0,0,0,2,21.16,667.62,1,3,8,4,21,76,151,73,7452.73,1,20.863125,1.5,124,248,169.28,0,1,2,2,-12.8,1,Loyal Customers
CUST0348,1,1,1,0,62,0,0,1,1,1,0,1,1,0,2,1,3,75.61,4741.46,8,3,1,9,285,92,171,15,11425.87,0,75.26126984126984,0.3333333333333333,558,548,75.61,1,0,0,4,64.0,0,Premium Customers
CUST0349,1,1,1,1,24,0,1,2,0,0,1,1,1,1,1,1,2,105.15,2527.1,1,4,4,6,288,22,113,120,10043.31,0,101.084,2.0,144,423,420.6,1,0,2,4,49.6,0,Premium Customers
CUST0350,1,0,1,0,69,0,0,0,0,0,0,1,1,1,0,1,0,49.97,3531.19,2,4,8,4,193,36,37,93,9523.53,1,50.44557142857143,1.3333333333333333,276,266,399.76,1,0,0,3,18.6,1,Loyal Customers
CUST0351,1,0,0,0,49,0,1,1,0,1,0,0,1,1,0,0,0,91.44,4536.92,10,4,2,7,88,41,116,48,875.69,1,90.7384,0.3636363636363636,343,245,182.88,0,2,0,3,15.6,2,At Risk Customers
CUST0352,1,0,0,1,69,0,1,2,0,1,0,1,0,0,1,1,0,47.36,3277.63,3,3,1,2,99,68,83,75,12409.48,1,46.82328571428572,0.75,138,250,47.36,1,2,0,2,12.8,1,Loyal Customers
CUST0353,0,0,0,0,71,0,0,2,1,1,1,0,0,1,0,0,3,79.23,5651.24,10,4,2,3,83,49,150,94,4376.86,1,78.48944444444444,0.3636363636363636,213,282,158.46,0,2,0,4,6.600000000000001,2,At Risk Customers
CUST0354,0,1,1,0,59,0,1,1,0,0,0,0,0,1,0,1,2,60.65,3609.62,1,5,1,2,132,12,47,73,1332.47,1,60.16033333333333,2.5,118,191,60.65,0,2,0,1,13.400000000000002,1,Loyal Customers
CUST0355,0,0,0,1,55,0,1,1,0,1,0,1,1,1,1,0,0,119.42,6634.22,8,5,0,10,239,22,177,119,13287.99,0,118.4682142857143,0.5555555555555556,550,438,0.0,1,0,0,4,52.80000000000001,0,Premium Customers
CUST0356,1,0,1,0,18,0,0,0,0,0,0,1,0,1,0,1,1,49.01,930.49,4,1,0,10,211,28,83,118,14030.12,0,48.97315789473684,0.2,180,322,0.0,1,0,2,2,59.2,0,Premium Customers
CUST0357,1,0,0,1,46,0,1,2,0,0,0,0,1,1,0,1,3,55.45,2560.83,7,1,1,9,273,116,44,52,2295.72,0,54.48574468085106,0.125,414,433,55.45,0,0,0,2,67.6,3,New Customers
CUST0358,0,0,1,0,29,0,0,1,0,0,0,0,1,0,0,0,3,36.18,1084.59,6,0,5,4,66,25,77,5,2438.36,1,36.153,0.0,116,168,180.9,0,1,2,1,11.200000000000005,3,New Customers
CUST0359,0,1,0,1,21,0,1,1,0,1,0,0,0,1,0,0,3,33.14,791.71,0,1,2,6,266,2,180,30,1254.58,0,35.98681818181819,1.0,126,448,66.28,0,0,2,2,58.2,3,New Customers
CUST0360,0,0,1,0,62,0,0,1,0,1,0,1,1,1,0,1,2,119.43,7429.4,6,1,7,2,267,79,51,24,14892.0,1,117.92698412698412,0.1428571428571428,124,397,836.01,1,0,0,4,40.400000000000006,0,Premium Customers
CUST0361,1,0,1,1,52,0,1,1,1,1,0,1,1,1,2,0,3,72.5,3840.02,3,1,5,7,255,8,135,54,9836.16,0,72.45320754716981,0.25,364,398,362.5,1,0,0,5,52.0,0,Premium Customers
CUST0362,0,0,0,0,36,0,0,2,0,1,0,1,1,1,0,0,0,48.53,1775.1,9,0,6,3,139,63,98,42,4913.17,1,47.97567567567568,0.0,108,300,291.18,0,2,2,4,21.8,1,Loyal Customers
CUST0363,1,1,1,1,43,0,0,2,0,0,1,0,1,0,0,1,0,82.96,3627.46,0,4,3,4,238,119,30,9,14156.36,1,82.44227272727272,4.0,172,387,248.88,1,0,0,2,37.6,0,Premium Customers
CUST0364,0,0,0,1,69,0,1,0,1,1,0,0,0,0,0,1,3,26.77,1889.03,8,0,2,10,150,90,38,37,1158.96,0,26.986142857142852,0.0,690,278,53.54,0,2,0,2,46.0,1,Loyal Customers
CUST0365,1,1,1,0,64,0,1,0,0,0,0,0,0,1,0,1,0,79.21,5070.33,8,3,8,9,142,39,61,37,10769.69,1,78.00507692307693,0.3333333333333333,576,242,633.68,1,2,0,1,21.40000000000001,0,Premium Customers
CUST0366,1,0,1,1,69,0,1,1,1,1,0,1,0,1,1,1,0,73.46,5068.88,5,5,5,6,52,91,145,33,10970.15,0,72.41257142857143,0.8333333333333334,414,288,367.3,1,1,0,4,-2.6000000000000014,1,Loyal Customers
CUST0367,0,1,0,0,8,0,1,1,1,0,1,0,1,1,1,0,2,107.0,919.43,8,1,7,4,176,35,57,74,9632.11,1,102.15888888888888,0.1111111111111111,32,268,749.0,1,2,1,4,26.200000000000003,2,At Risk Customers
CUST0368,0,0,0,1,56,0,0,0,0,1,0,1,0,1,2,1,0,76.97,4404.66,2,5,4,1,168,21,50,104,6215.86,1,77.27473684210526,1.6666666666666667,56,239,307.88,0,2,0,3,12.6,1,Loyal Customers
CUST0369,1,0,1,1,55,0,1,1,0,1,1,1,1,0,0,1,1,96.34,5363.15,0,1,3,2,147,19,165,76,695.71,1,95.77053571428571,1.0,110,331,289.02,0,2,0,4,24.40000000000001,2,At Risk Customers
CUST0370,1,1,1,0,11,0,1,0,0,0,1,0,0,0,0,1,2,82.75,922.56,0,0,8,5,62,66,111,18,517.55,1,76.88,0.0,55,239,662.0,0,1,1,1,6.399999999999999,3,New Customers
CUST0371,1,0,1,0,50,0,1,1,0,1,0,1,0,1,2,1,1,115.65,5810.68,1,4,5,2,194,119,26,114,1128.53,1,113.93490196078432,2.0,100,339,578.25,0,0,0,3,20.800000000000004,2,At Risk Customers
CUST0372,1,0,0,0,24,0,0,0,0,0,0,1,0,0,1,0,1,98.89,2459.53,2,5,2,6,85,50,119,92,12054.34,0,98.3812,1.6666666666666667,144,254,197.78,1,2,2,1,10.0,2,At Risk Customers
CUST0373,0,1,1,1,55,0,0,0,1,0,1,1,0,0,0,0,3,89.34,4955.09,10,2,2,4,206,54,145,63,8311.83,1,88.48375,0.1818181818181818,220,405,178.68,1,0,0,3,39.2,0,Premium Customers
CUST0374,0,0,1,0,11,0,0,2,1,1,1,0,1,1,2,1,2,75.84,930.0,1,0,5,6,81,38,122,18,12611.16,0,77.5,0.0,66,241,379.2000000000001,1,2,1,5,18.2,2,At Risk Customers
CUST0375,0,0,1,1,8,0,1,0,1,0,1,0,0,1,1,1,3,103.74,916.97,0,1,5,3,50,32,24,1,8753.16,1,101.88555555555556,1.0,24,106,518.6999999999999,1,1,1,3,3.0,2,At Risk Customers
CUST0376,0,0,1,0,18,0,0,1,0,0,0,1,0,1,0,1,0,70.33,1267.03,6,5,7,9,142,118,151,64,4937.49,1,66.68578947368421,0.7142857142857143,162,411,492.31,0,2,2,2,17.400000000000006,3,New Customers
CUST0377,1,0,1,0,12,0,0,0,1,0,1,1,0,1,2,1,3,67.74,878.15,6,3,2,1,200,83,113,24,4413.83,1,67.55,0.4285714285714285,12,396,135.48,0,0,1,4,29.0,3,New Customers
CUST0378,1,0,0,0,4,0,1,1,1,1,1,1,1,0,0,1,1,44.03,184.62,9,4,0,10,257,6,17,40,1851.56,1,36.924,0.4,40,280,0.0,0,0,1,5,59.400000000000006,3,New Customers
CUST0379,0,0,0,0,51,0,1,1,0,0,1,1,0,0,2,1,0,22.37,1220.48,7,4,0,5,92,20,179,59,1641.92,0,23.470769230769232,0.5,255,291,0.0,0,2,0,2,16.400000000000002,1,Loyal Customers
CUST0380,1,1,1,1,19,0,1,2,0,0,1,0,0,0,1,0,1,109.07,2149.75,6,1,3,10,48,20,150,80,14918.87,0,107.4875,0.1428571428571428,190,218,327.21,1,1,2,1,20.6,2,At Risk Customers
CUST0381,1,1,1,1,40,0,1,1,1,0,0,1,0,1,0,0,2,28.92,1174.72,7,2,7,5,236,84,40,120,2297.51,1,28.65170731707317,0.25,200,360,202.44,0,0,0,3,37.2,3,New Customers
CUST0382,0,0,0,0,52,0,0,2,1,0,0,0,0,1,1,0,2,107.74,5701.6,0,4,0,4,297,2,44,109,2026.82,1,107.57735849056604,4.0,208,343,0.0,0,0,0,2,55.400000000000006,0,Premium Customers
CUST0383,0,0,0,1,29,0,0,1,1,0,0,0,0,1,0,1,3,96.82,2827.73,5,0,5,6,258,28,126,14,4536.44,0,94.25766666666668,0.0,174,412,484.1,0,0,2,2,53.6,3,New Customers
CUST0384,1,0,1,0,19,0,1,1,1,0,1,0,0,0,0,1,1,115.26,2258.31,4,2,2,2,82,9,75,51,1684.78,1,112.9155,0.4,38,166,230.52,0,2,2,2,10.400000000000002,2,At Risk Customers
CUST0385,0,1,0,1,34,0,1,0,1,0,0,0,1,1,0,0,3,67.55,2365.58,2,5,6,6,209,106,7,71,11854.55,1,67.588,1.6666666666666667,204,322,405.3,1,0,2,3,26.800000000000004,0,Premium Customers
CUST0386,1,0,1,0,41,0,1,0,0,1,0,0,1,0,0,1,3,114.33,4773.26,10,3,1,1,121,96,53,53,10598.47,1,113.64904761904762,0.2727272727272727,41,270,114.33,1,2,0,2,15.200000000000005,2,At Risk Customers
CUST0387,1,0,0,1,45,0,1,0,1,0,0,1,0,0,0,1,3,84.89,3865.65,6,2,5,9,228,67,90,14,13932.06,0,84.0358695652174,0.2857142857142857,405,385,424.45,1,0,0,2,47.6,0,Premium Customers
CUST0388,0,0,0,1,71,0,1,2,0,0,0,0,0,1,2,1,1,84.96,6093.79,6,0,7,10,288,13,167,56,7798.74,0,84.63597222222222,0.0,710,468,594.7199999999999,0,0,0,1,63.6,0,Premium Customers
CUST0389,1,1,0,0,28,0,1,1,0,1,1,0,1,0,2,0,3,110.8,3166.89,6,0,5,4,269,37,73,112,10050.89,1,109.20310344827584,0.0,112,379,554.0,1,0,2,3,51.8,0,Premium Customers
CUST0390,0,1,0,1,1,0,0,0,1,1,1,0,0,0,0,0,0,75.57,114.71,9,5,6,1,229,17,167,49,14671.66,1,57.355,0.5,1,413,453.42,1,0,1,3,20.800000000000004,0,Premium Customers
CUST0391,1,0,0,1,56,0,1,0,1,1,0,0,1,0,0,1,1,63.74,3632.33,9,1,0,10,288,118,25,73,6044.87,0,63.72508771929824,0.1,560,431,0.0,0,0,0,3,74.6,0,Premium Customers
CUST0392,1,0,0,1,31,0,1,1,1,1,0,0,1,0,0,1,1,83.84,2656.98,1,0,7,10,72,14,41,36,4298.92,0,83.030625,0.0,310,127,586.88,0,1,2,3,20.4,2,At Risk Customers
CUST0393,1,0,1,0,47,0,1,1,1,0,1,0,1,0,2,1,0,88.73,4207.84,5,5,7,3,102,39,7,115,3090.82,1,87.66333333333334,0.8333333333333334,141,148,621.11,0,2,0,3,-2.599999999999998,2,At Risk Customers
CUST0394,1,0,0,0,62,0,1,0,0,1,1,1,1,1,0,0,1,109.86,6814.27,2,1,1,3,147,36,128,25,14321.83,1,108.16301587301588,0.3333333333333333,186,311,109.86,1,2,0,5,30.40000000000001,2,At Risk Customers
CUST0395,0,1,0,0,64,0,0,2,0,1,0,1,1,0,2,1,2,36.57,2361.06,7,3,7,7,149,105,86,79,2059.61,1,36.324,0.375,448,340,255.99,0,2,0,3,20.8,1,Loyal Customers
CUST0396,0,0,1,0,48,0,1,1,1,1,0,0,0,0,0,1,0,100.9,4886.14,2,2,3,2,120,85,100,47,2603.08,1,99.71714285714286,0.6666666666666666,96,305,302.70000000000005,0,2,0,2,16.0,2,At Risk Customers
CUST0397,0,0,1,0,2,0,0,0,0,0,1,1,0,0,1,1,1,76.1,223.83,10,0,6,7,172,105,86,25,3358.29,0,74.61,0.0,14,363,456.6,0,2,1,2,36.4,3,New Customers
CUST0398,0,0,1,0,54,0,1,0,0,1,0,0,1,1,0,1,3,48.44,2699.92,6,0,8,9,30,44,170,2,1507.08,1,49.089454545454544,0.0,486,244,387.52,0,1,0,3,8.0,1,Loyal Customers
CUST0399,1,1,0,0,36,0,0,1,0,1,0,0,1,0,0,0,3,104.87,3872.04,1,2,1,1,124,7,7,17,2024.47,1,104.64972972972971,1.0,36,138,104.87,0,2,2,2,18.8,2,At Risk Customers
CUST0400,0,1,0,1,22,0,1,0,0,1,1,0,1,1,0,0,1,46.37,1088.93,6,2,2,3,245,16,37,40,12997.48,1,47.34478260869565,0.2857142857142857,66,298,92.74,1,0,2,4,45.0,0,Premium Customers
CUST0401,0,0,0,1,67,0,1,2,0,0,0,0,0,1,0,0,1,55.3,3788.65,3,5,3,2,48,64,20,27,690.36,1,55.71544117647059,1.25,134,132,165.89999999999998,0,1,0,1,-7.399999999999999,1,Loyal Customers
CUST0402,1,0,0,1,63,0,1,1,1,0,0,0,1,1,2,1,2,58.56,3734.52,9,4,3,7,106,9,76,54,2880.85,0,58.351875,0.4,441,191,175.68,0,2,0,3,17.200000000000003,1,Loyal Customers
CUST0403,0,1,1,1,60,0,1,2,1,1,1,0,1,0,0,0,2,46.56,2886.29,1,2,6,4,87,51,133,55,7864.94,1,47.31622950819672,1.0,240,271,279.36,0,2,0,4,7.400000000000002,1,Loyal Customers
CUST0404,1,0,0,0,13,0,1,2,0,0,1,0,1,0,0,0,3,71.86,945.1,0,5,3,2,122,15,18,114,1017.48,1,67.50714285714285,5.0,26,155,215.58,0,2,2,2,7.400000000000002,3,New Customers
CUST0405,0,0,1,1,36,0,1,2,0,0,0,1,1,0,0,1,0,54.76,2000.16,9,2,0,2,104,65,164,61,11216.82,1,54.05837837837838,0.2,72,333,0.0,1,2,2,2,18.8,1,Loyal Customers
CUST0406,1,0,0,1,22,0,1,1,0,1,1,0,0,0,0,0,1,37.07,891.57,0,4,5,8,10,63,68,60,2086.1,1,38.76391304347826,4.0,176,141,185.35,0,1,2,2,-4.0,3,New Customers
CUST0407,1,0,0,1,68,0,1,0,1,1,0,0,0,0,1,0,3,45.35,3129.68,5,2,5,9,257,15,74,87,8029.98,0,45.35768115942029,0.3333333333333333,612,346,226.75,1,0,0,2,53.400000000000006,0,Premium Customers
CUST0408,1,0,0,1,19,0,0,1,1,1,0,0,1,1,0,0,1,116.55,2302.16,10,4,7,9,99,34,178,44,13375.93,1,115.108,0.3636363636363636,171,311,815.85,1,2,2,4,11.799999999999995,2,At Risk Customers
CUST0409,0,0,0,0,40,0,1,0,0,1,0,0,0,0,0,1,3,112.72,4523.51,10,1,8,5,295,86,46,38,7558.96,1,110.32951219512196,0.0909090909090909,200,427,901.76,0,0,0,1,50.0,0,Premium Customers
CUST0410,1,1,0,1,59,0,1,0,0,1,1,0,0,1,0,1,1,45.14,2698.28,4,4,8,3,54,92,74,18,14940.76,1,44.97133333333333,0.8,177,220,361.12,1,1,0,3,-11.2,1,Loyal Customers
CUST0411,1,0,1,0,29,0,1,1,0,1,0,0,0,1,2,0,2,37.33,1126.15,5,4,2,4,138,18,111,70,3393.09,1,37.53833333333333,0.6666666666666666,116,267,74.66,0,2,2,2,19.6,3,New Customers
CUST0412,0,0,0,0,70,0,1,1,0,1,1,0,0,0,0,0,3,62.05,4384.53,0,4,0,7,55,97,40,78,13649.31,1,61.753943661971824,4.0,490,192,0.0,1,1,0,2,13.0,1,Loyal Customers
CUST0413,1,0,0,1,70,0,0,0,0,1,0,1,0,0,2,1,1,47.02,3390.02,1,2,1,5,299,62,89,110,1382.54,0,47.746760563380285,1.0,350,450,47.02,0,0,0,2,61.80000000000001,3,New Customers
CUST0414,1,1,1,1,72,0,0,0,1,1,0,0,1,0,1,1,1,26.71,1938.42,1,4,1,4,114,14,126,3,12574.53,0,26.55369863013699,2.0,288,254,26.71,1,2,0,3,16.8,1,Loyal Customers
CUST0415,0,0,1,1,39,0,0,1,1,1,0,0,1,0,0,1,0,34.17,1407.09,3,1,8,9,112,61,127,37,4697.01,0,35.17725,0.25,351,300,273.36,0,2,0,3,21.40000000000001,3,New Customers
CUST0416,1,0,0,0,36,0,0,1,1,0,0,0,1,1,0,1,3,21.1,789.88,10,5,7,1,191,18,124,112,10984.45,1,21.348108108108107,0.4545454545454545,36,333,147.70000000000002,1,0,2,3,11.200000000000005,1,Loyal Customers
CUST0417,0,0,1,0,65,0,1,1,0,1,1,1,0,0,0,1,2,98.5,6468.34,6,0,7,7,251,78,173,23,8852.56,1,98.00515151515152,0.0,455,502,689.5,1,0,0,3,50.2,0,Premium Customers
CUST0418,0,0,0,0,52,0,1,0,1,1,1,1,1,0,2,0,2,95.99,5089.61,3,0,2,7,225,119,21,7,9372.6,0,96.03037735849055,0.0,364,365,191.98,1,0,0,5,55.0,0,Premium Customers
CUST0419,1,0,1,0,48,0,1,0,0,1,0,0,1,1,0,0,3,87.88,4240.79,2,3,8,4,54,75,11,80,14417.57,1,86.54673469387755,1.0,192,140,703.04,1,1,0,3,-6.199999999999999,2,At Risk Customers
CUST0420,1,0,1,1,1,0,0,1,1,0,1,0,1,1,1,0,2,55.65,145.63,2,0,7,7,202,112,23,72,1633.09,0,72.815,0.0,7,337,389.55,0,0,1,4,40.400000000000006,3,New Customers
CUST0421,0,0,1,0,30,0,1,2,0,1,1,0,0,0,1,1,0,116.81,3511.78,9,1,8,10,266,40,107,79,1321.4,0,113.28322580645164,0.1,300,413,934.48,0,0,2,2,54.2,0,Premium Customers
CUST0422,1,0,0,0,4,0,1,1,0,0,1,0,1,1,0,0,1,43.56,181.53,9,4,0,6,46,54,158,94,9380.27,1,36.306,0.4,24,258,0.0,1,1,1,3,9.200000000000005,3,New Customers
CUST0423,1,1,0,1,35,0,1,0,1,0,1,0,0,0,0,1,1,113.12,3961.84,3,4,6,1,292,62,18,49,11602.38,1,110.05111111111113,1.0,35,372,678.72,1,0,2,2,36.400000000000006,0,Premium Customers
CUST0424,1,0,0,1,15,0,0,0,0,0,1,0,0,1,0,1,1,42.71,715.4,8,4,0,1,137,105,19,9,1321.49,1,44.7125,0.4444444444444444,15,261,0.0,0,2,2,2,17.400000000000002,3,New Customers
CUST0425,0,0,0,1,41,0,0,2,1,0,1,0,0,1,1,1,2,113.84,4688.03,5,1,7,5,197,100,146,37,13100.08,0,111.6197619047619,0.1666666666666666,205,443,796.88,1,0,0,3,32.400000000000006,0,Premium Customers
CUST0426,1,0,0,0,70,0,1,0,0,0,0,0,1,1,2,1,2,94.19,6614.38,5,5,2,1,130,90,117,83,11580.78,1,93.16028169014083,0.8333333333333334,70,337,188.38,1,2,0,2,9.0,2,At Risk Customers
CUST0427,1,0,0,1,35,0,0,2,0,0,1,1,0,0,0,0,3,64.4,2276.44,6,1,6,9,36,85,83,4,8352.46,1,63.23444444444445,0.1428571428571428,315,204,386.4,1,1,2,2,10.2,2,At Risk Customers
CUST0428,0,0,0,0,28,0,1,1,0,0,1,1,0,0,2,0,3,77.26,2220.11,8,2,2,7,249,96,65,16,13661.83,0,76.55551724137932,0.2222222222222222,196,410,154.52,1,0,2,2,53.8,0,Premium Customers
CUST0429,0,1,0,1,32,0,0,1,0,1,0,0,0,0,1,1,1,50.69,1688.16,4,1,7,8,18,57,7,59,1036.55,0,51.15636363636364,0.2,256,82,354.83,0,1,2,1,2.6000000000000014,3,New Customers
CUST0430,0,0,1,0,8,0,1,1,0,1,0,1,0,0,0,0,0,42.74,359.37,9,5,0,4,68,84,14,23,10424.4,1,39.93,0.5,32,166,0.0,1,1,1,2,6.600000000000001,1,Loyal Customers
CUST0431,0,0,0,1,71,0,1,0,0,0,1,0,1,1,0,1,3,31.32,2231.47,3,2,5,7,46,83,114,112,4604.72,1,30.992638888888887,0.5,497,243,156.6,0,1,0,3,7.200000000000003,1,Loyal Customers
CUST0432,1,0,0,0,53,0,0,1,0,1,1,0,1,0,2,1,1,80.9,4368.5,8,5,8,10,186,28,101,106,8948.95,1,80.89814814814815,0.5555555555555556,530,315,647.2,1,0,0,3,26.200000000000003,0,Premium Customers
CUST0433,1,0,1,1,29,0,0,2,1,1,0,0,0,0,0,0,0,52.87,1613.13,5,1,7,6,69,89,66,56,11125.58,0,53.771,0.1666666666666666,174,224,370.09,1,1,2,2,8.8,1,Loyal Customers
CUST0434,0,0,1,0,72,0,1,1,0,1,0,0,1,1,2,1,3,87.41,6360.11,9,2,4,6,170,16,25,52,6604.83,0,87.12479452054794,0.2,432,211,349.64,0,2,0,3,32.0,2,At Risk Customers
CUST0435,1,0,0,1,24,0,0,0,1,1,0,0,0,1,0,1,3,22.39,554.05,1,1,8,9,208,116,113,45,2348.07,0,22.162,0.5,216,437,179.12,0,0,2,3,40.6,3,New Customers
CUST0436,1,1,0,1,44,0,0,2,1,1,1,0,0,0,1,0,2,95.77,4283.89,2,5,8,2,87,115,6,75,9099.2,1,95.19755555555555,1.6666666666666667,88,208,766.16,1,2,0,3,-9.599999999999998,2,At Risk Customers
CUST0437,0,0,0,0,23,0,0,0,1,0,0,0,1,0,0,0,2,95.73,2297.14,0,5,3,7,275,36,152,112,9424.42,1,95.71416666666666,5.0,161,463,287.19,1,0,2,2,48.0,0,Premium Customers
CUST0438,1,0,0,1,16,0,0,1,0,0,1,1,0,0,2,1,0,86.64,1400.34,3,4,8,3,24,77,15,114,8327.53,1,82.37294117647059,1.0,48,116,693.12,1,1,2,2,-17.2,2,At Risk Customers
CUST0439,1,0,0,1,48,0,1,1,0,0,1,0,0,1,1,1,3,108.89,5276.05,1,1,4,2,191,103,25,95,12003.14,1,107.67448979591838,0.5,96,319,435.56,1,0,0,2,31.200000000000003,2,At Risk Customers
CUST0440,1,0,1,0,36,0,0,2,1,0,1,0,1,0,0,1,1,44.59,1663.87,3,5,3,5,250,20,129,104,3213.02,1,44.96945945945946,1.25,180,399,133.77,0,0,2,3,39.0,3,New Customers
CUST0441,0,0,1,1,12,0,1,0,0,1,0,1,1,1,0,0,3,83.1,1020.67,5,3,8,3,163,108,64,112,4735.68,1,78.51307692307692,0.5,36,335,664.8,0,2,1,4,13.6,3,New Customers
CUST0442,0,0,0,0,70,0,0,1,1,1,1,0,0,0,0,0,1,37.62,2729.03,10,0,5,7,75,100,128,107,12168.46,1,38.43704225352113,0.0,490,303,188.1,1,1,0,3,19.0,1,Loyal Customers
CUST0443,0,0,0,1,4,0,0,1,1,0,1,0,0,0,0,0,3,59.87,330.72,4,3,3,6,33,40,119,52,3709.0,1,66.144,0.6,24,192,179.61,0,1,1,2,3.6000000000000014,3,New Customers
CUST0444,1,0,1,1,43,0,1,2,1,1,0,1,0,0,1,1,1,71.86,3126.19,3,1,8,7,127,38,46,116,5921.26,0,71.04977272727272,0.25,301,211,574.88,0,2,0,3,20.40000000000001,2,At Risk Customers
CUST0445,0,0,1,1,5,0,1,2,1,0,0,1,1,0,0,1,0,23.38,191.89,6,5,6,3,148,111,26,9,1571.41,1,31.981666666666666,0.7142857142857143,15,285,140.28,0,2,1,3,8.600000000000001,3,New Customers
CUST0446,0,0,1,1,13,0,0,0,0,0,0,1,0,0,0,1,2,116.93,1577.71,6,2,6,2,123,53,148,35,7508.57,1,112.69357142857145,0.2857142857142857,26,324,701.58,0,2,2,1,10.6,2,At Risk Customers
CUST0447,1,0,1,0,51,0,0,2,1,0,1,1,0,1,0,0,1,84.28,4331.52,10,0,1,9,96,27,130,75,4124.55,0,83.29846153846155,0.0,459,253,84.28,0,2,0,4,35.2,2,At Risk Customers
CUST0448,1,0,0,1,8,0,0,1,0,0,0,1,1,0,1,0,1,46.81,395.4,8,3,8,8,170,84,65,41,7189.89,1,43.93333333333333,0.3333333333333333,64,319,374.48,0,2,1,2,25.0,3,New Customers
CUST0449,0,0,1,1,55,0,1,1,1,1,1,1,1,1,0,1,1,108.55,6019.77,10,4,7,3,290,54,107,1,4802.89,1,107.49589285714286,0.3636363636363636,165,451,759.85,0,0,0,6,38.0,0,Premium Customers
CUST0450,0,0,0,0,48,0,1,0,0,1,0,0,0,0,0,0,0,36.42,1819.67,7,0,5,7,101,20,125,8,14903.0,0,37.13612244897959,0.0,336,246,182.1,1,2,0,1,24.200000000000003,1,Loyal Customers
CUST0451,1,0,1,1,13,0,0,1,1,1,0,1,1,0,1,1,2,82.88,1170.23,4,2,6,10,166,48,164,98,6347.39,0,83.58785714285715,0.4,130,378,497.28,0,2,2,4,35.2,3,New Customers
CUST0452,0,0,1,1,20,0,1,2,1,0,1,0,1,1,1,0,2,77.57,1636.74,9,2,7,4,96,1,64,27,1824.4,0,77.94,0.2,80,161,542.99,0,2,2,4,7.200000000000003,3,New Customers
CUST0453,1,0,1,0,1,0,0,0,1,1,0,0,0,0,0,1,0,76.01,113.74,6,5,7,6,169,108,138,40,8194.94,1,56.87,0.7142857142857143,6,415,532.07,1,2,1,2,16.800000000000004,3,New Customers
CUST0454,1,0,0,1,56,0,0,1,0,1,0,0,1,1,2,0,2,92.85,5220.98,8,1,6,6,101,120,7,25,6910.17,0,91.5961403508772,0.1111111111111111,336,228,557.0999999999999,0,2,0,3,17.200000000000003,2,At Risk Customers
CUST0455,1,0,0,0,13,0,0,1,1,0,1,0,0,0,0,0,2,82.53,1170.0,0,5,7,10,242,63,49,60,11374.07,1,83.57142857142857,5.0,130,354,577.71,1,0,2,2,39.400000000000006,0,Premium Customers
CUST0456,1,0,0,1,20,0,1,0,1,0,1,1,0,1,0,0,0,85.51,1783.95,5,5,5,3,197,67,8,120,10135.18,1,84.95,0.8333333333333334,60,272,427.55,1,0,2,4,20.40000000000001,0,Premium Customers
CUST0457,0,1,1,1,25,0,1,2,0,1,1,0,1,0,1,0,0,83.53,2172.46,0,2,4,9,189,16,92,59,8738.51,0,83.55615384615385,2.0,225,297,334.12,1,0,2,3,41.8,0,Premium Customers
CUST0458,1,0,0,1,15,0,1,0,1,1,0,1,1,1,0,0,3,28.13,494.38,3,2,3,3,168,7,102,90,4662.61,1,30.89875,0.5,45,277,84.39,0,2,2,5,27.6,3,New Customers
CUST0459,0,0,0,0,29,0,1,1,1,1,0,0,0,0,0,0,2,54.89,1655.99,7,5,2,1,207,20,142,72,3554.61,1,55.199666666666666,0.625,29,369,109.78,0,0,2,2,24.40000000000001,3,New Customers
CUST0460,0,0,0,1,44,0,0,0,1,0,1,0,0,1,2,1,3,33.98,1553.8,5,4,6,10,27,42,31,80,5703.82,1,34.528888888888886,0.6666666666666666,440,100,203.88,0,1,0,3,1.3999999999999986,1,Loyal Customers
CUST0461,1,0,0,0,43,0,0,2,1,1,0,0,1,0,0,1,3,100.92,4385.2,9,5,6,7,252,107,67,32,10988.9,1,99.66363636363636,0.5,301,426,605.52,1,0,0,3,37.400000000000006,0,Premium Customers
CUST0462,0,0,0,0,6,0,1,2,1,0,0,0,0,1,0,1,2,108.66,748.48,8,1,2,3,180,101,18,11,4984.47,1,106.92571428571428,0.1111111111111111,18,299,217.32,0,2,1,2,35.0,3,New Customers
CUST0463,1,1,0,0,51,0,1,1,1,1,1,1,0,0,0,1,0,63.65,3318.56,2,5,8,6,12,62,45,44,1948.75,1,63.818461538461534,1.6666666666666667,306,119,509.2,0,1,0,4,-16.6,2,At Risk Customers
CUST0464,0,1,1,0,49,0,0,2,1,1,0,1,0,1,0,0,2,101.98,5070.06,6,4,6,9,46,45,130,85,11236.22,1,101.4012,0.5714285714285714,441,221,611.88,1,1,0,4,3.200000000000003,2,At Risk Customers
CUST0465,1,0,1,1,48,0,0,1,1,0,1,1,1,0,0,1,2,63.54,3083.88,10,1,6,3,155,40,104,86,12408.49,1,62.93632653061225,0.0909090909090909,144,299,381.24,1,2,0,4,22.0,1,Loyal Customers
CUST0466,1,0,0,1,21,0,0,2,1,0,1,0,1,0,2,1,0,51.9,1147.37,6,5,7,1,258,84,176,51,6625.63,1,52.15318181818181,0.7142857142857143,21,518,363.3,0,0,2,3,24.6,3,New Customers
CUST0467,1,0,0,0,15,0,0,2,0,0,0,0,1,1,2,0,1,35.04,559.31,9,2,3,9,242,56,17,59,4584.85,0,34.956875,0.2,135,315,105.12,0,0,2,2,54.400000000000006,3,New Customers
CUST0468,1,1,0,0,47,0,1,2,0,0,0,0,0,1,0,1,2,55.69,2619.18,5,2,0,10,67,46,14,68,11210.86,0,54.56625,0.3333333333333333,470,127,0.0,1,1,0,1,27.4,1,Loyal Customers
CUST0469,1,0,1,1,17,0,1,2,0,0,0,0,0,1,2,0,1,27.65,507.33,2,4,1,7,272,93,25,43,13947.89,0,28.185,1.3333333333333333,119,390,27.65,1,0,2,1,54.400000000000006,0,Premium Customers
CUST0470,0,0,0,1,24,0,0,2,1,0,1,1,0,0,1,1,1,57.42,1425.37,6,2,2,5,266,86,16,77,6280.72,0,57.0148,0.2857142857142857,120,368,114.84,0,0,2,3,53.2,3,New Customers
CUST0471,1,1,0,0,1,0,0,0,1,0,1,0,0,0,1,0,1,42.13,43.94,5,1,1,10,157,94,160,105,7179.34,0,21.97,0.1666666666666666,10,411,42.13,0,2,1,2,46.400000000000006,3,New Customers
CUST0472,0,0,0,0,61,0,1,1,0,0,0,0,1,0,2,0,0,73.22,4483.42,6,2,6,1,50,81,129,71,14781.73,1,72.31322580645161,0.2857142857142857,61,260,439.32,1,1,0,1,-6.0,1,Loyal Customers
CUST0473,1,0,0,0,38,0,0,1,0,1,1,1,0,0,0,1,2,75.64,2923.4,3,3,8,3,203,78,36,12,6238.37,1,74.95897435897436,0.75,114,317,605.12,0,0,0,3,21.6,3,New Customers
CUST0474,1,0,0,1,21,0,0,2,0,0,1,0,0,0,1,1,2,70.23,1528.08,3,3,7,8,156,106,120,20,13896.7,0,69.45818181818181,0.75,168,382,491.61,1,2,2,1,24.200000000000003,0,Premium Customers
CUST0475,1,0,0,1,69,0,0,1,1,1,0,0,0,0,0,1,0,33.86,2398.33,1,4,6,1,176,79,68,21,8754.94,1,34.26185714285714,2.0,69,323,203.16,1,2,0,2,13.200000000000005,1,Loyal Customers
CUST0476,0,1,1,0,3,0,0,2,1,1,0,0,1,1,0,1,2,33.27,106.29,0,1,7,8,135,88,159,56,14850.84,1,26.5725,1.0,24,382,232.89,1,2,1,4,26.0,0,Premium Customers
CUST0477,1,0,1,0,21,0,1,1,1,1,1,0,0,0,0,0,2,108.34,2328.87,9,5,8,1,234,62,20,37,12269.1,1,105.85772727272727,0.5,21,316,866.72,1,0,2,3,17.800000000000004,0,Premium Customers
CUST0478,1,0,0,0,55,0,1,0,1,0,1,1,0,0,1,1,0,99.56,5496.81,1,2,1,8,261,97,67,96,4269.99,0,98.15732142857144,1.0,440,425,99.56,0,0,0,3,60.2,0,Premium Customers
CUST0479,0,1,0,0,58,0,0,2,0,1,1,1,0,1,0,0,2,91.38,5330.71,2,4,4,8,235,87,80,19,11284.13,1,90.35101694915254,1.3333333333333333,464,402,365.52,1,0,0,4,43.0,0,Premium Customers
CUST0480,1,0,0,0,33,0,1,0,1,0,1,1,0,0,1,0,3,81.85,2718.09,5,5,2,10,266,41,138,47,5980.69,0,79.94382352941177,0.8333333333333334,330,445,163.7,0,0,2,3,54.2,0,Premium Customers
CUST0481,0,0,1,0,23,0,0,1,1,1,0,1,0,1,0,0,1,85.0,1990.65,7,4,0,9,126,95,56,46,10131.54,1,82.94375000000001,0.5,207,277,0.0,1,2,2,4,31.200000000000003,0,Premium Customers
CUST0482,0,0,1,0,65,0,1,1,1,1,0,1,1,0,1,1,0,42.83,2855.69,2,0,4,9,152,12,53,93,12545.04,0,43.2680303030303,0.0,585,217,171.32,1,2,0,4,40.400000000000006,0,Premium Customers
CUST0483,1,1,1,0,8,0,1,0,1,0,0,1,1,0,1,1,0,67.83,586.83,7,1,1,9,120,77,129,38,8755.27,0,65.20333333333333,0.125,72,326,67.83,1,2,1,3,37.0,3,New Customers
CUST0484,0,1,1,0,25,0,0,0,0,0,0,0,1,0,0,0,2,46.42,1213.72,5,2,8,9,168,81,117,14,14669.82,0,46.68153846153847,0.3333333333333333,225,366,371.36,1,2,2,1,29.6,0,Premium Customers
CUST0485,1,0,1,0,66,0,0,1,1,1,1,0,0,1,2,0,2,83.79,5584.0,2,1,1,4,119,40,133,39,5140.23,0,83.34328358208955,0.3333333333333333,264,292,83.79,0,2,0,4,26.8,2,At Risk Customers
CUST0486,0,0,0,1,20,0,0,0,1,0,1,1,1,0,2,0,3,97.98,1986.54,4,3,4,6,84,40,90,93,5632.04,0,94.59714285714286,0.6,120,214,391.92,0,2,2,4,11.8,2,At Risk Customers
CUST0487,0,0,0,0,51,0,0,0,0,1,0,0,1,0,1,1,0,40.86,2155.53,4,2,0,6,228,102,102,41,8591.99,0,41.4525,0.4,306,432,0.0,1,0,0,2,51.6,0,Premium Customers
CUST0488,1,1,1,0,36,0,1,0,1,1,0,0,0,1,1,0,3,44.98,1717.97,9,3,0,2,38,82,92,35,8299.49,1,46.43162162162162,0.3,72,212,0.0,1,1,2,3,2.6000000000000014,1,Loyal Customers
CUST0489,0,0,1,0,18,0,1,1,0,1,1,0,1,1,0,0,2,75.67,1443.79,0,1,1,6,194,116,119,95,13326.49,0,75.98894736842105,1.0,108,429,75.67,1,0,2,4,45.8,0,Premium Customers
CUST0490,1,0,0,1,59,0,0,1,1,0,0,1,1,1,1,0,3,100.61,6015.8,8,0,8,6,18,73,116,4,14416.93,0,100.26333333333334,0.0,354,207,804.88,1,1,0,4,-0.4000000000000003,2,At Risk Customers
CUST0491,0,1,0,0,43,0,1,2,1,1,1,1,1,0,1,1,1,96.71,4201.62,4,3,7,3,179,10,51,82,8840.74,1,95.49136363636364,0.6,129,240,676.9699999999999,1,2,0,5,18.800000000000004,2,At Risk Customers
CUST0492,0,0,0,1,52,0,0,0,0,1,1,1,0,0,0,1,2,73.24,3873.84,3,4,5,10,88,25,42,26,4972.98,1,73.09132075471699,1.0,520,155,366.2,0,2,0,3,15.6,2,At Risk Customers
CUST0493,1,0,1,1,70,0,0,0,0,0,1,1,1,0,0,0,0,113.63,7975.82,5,0,2,8,73,107,101,3,6937.31,0,112.33549295774648,0.0,560,281,227.26,0,1,0,3,26.6,2,At Risk Customers
CUST0494,1,0,1,0,57,0,0,0,1,0,1,1,1,1,0,1,1,114.07,6576.05,5,5,5,7,107,27,28,102,7850.2,1,113.3801724137931,0.8333333333333334,399,162,570.3499999999999,0,2,0,5,10.400000000000006,2,At Risk Customers
CUST0495,0,0,1,0,3,0,1,1,0,0,1,0,0,0,2,0,2,42.94,198.94,10,5,6,8,18,36,170,114,5187.43,1,49.735,0.4545454545454545,24,224,257.64,0,1,1,1,-7.399999999999999,3,New Customers
CUST0496,1,1,1,1,2,0,1,2,1,1,0,1,1,1,2,0,2,81.76,245.85,6,1,2,9,87,95,176,23,5793.49,0,81.95,0.1428571428571428,18,358,163.52,0,2,1,5,28.40000000000001,3,New Customers
CUST0497,1,1,1,1,64,0,1,1,0,0,0,0,1,1,0,0,1,93.5,5998.43,6,0,8,7,278,22,45,12,716.61,1,92.28353846153848,0.0,448,345,748.0,0,0,0,2,53.6,0,Premium Customers
CUST0498,1,0,0,1,15,0,0,1,0,0,1,1,0,0,0,0,0,52.29,838.35,9,5,1,8,262,96,151,25,2324.58,1,52.396875,0.5,120,509,52.29,0,0,2,2,51.400000000000006,3,New Customers
CUST0499,1,1,1,1,11,0,1,2,0,0,1,1,1,0,0,0,2,91.05,1047.76,9,4,8,10,146,98,38,41,6619.3,1,87.31333333333333,0.4,110,282,728.4,0,2,1,3,21.200000000000003,3,New Customers
CUST0500,1,0,1,0,7,0,1,0,1,1,1,1,1,0,0,0,3,105.77,759.16,9,3,7,4,242,80,72,69,6878.01,1,94.895,0.3,28,394,740.39,0,0,1,5,33.400000000000006,3,New Customers
